"﻿""Key""",Item Type,Publication Year,Author,Title,Publication Title,ISBN,ISSN,DOI,Url,Abstract Note,Date,Date Added,Date Modified,Access Date,Pages,Num Pages,Issue,Volume,Number Of Volumes,Journal Abbreviation,Short Title,Series,Series Number,Series Text,Series Title,Publisher,Place,Language,Rights,Type,Archive,Archive Location,Library Catalog,Call Number,Extra,Notes,File Attachments,Link Attachments,Manual Tags,Automatic Tags,Editor,Series Editor,Translator,Contributor,Attorney Agent,Book Author,Cast Member,Commenter,Composer,Cosponsor,Counsel,Interviewer,Producer,Recipient,Reviewed Author,Scriptwriter,Words By,Guest,Number,Edition,Running Time,Scale,Medium,Artwork Size,Filing Date,Application Number,Assignee,Issuing Authority,Country,Meeting Name,Conference Name,Court,References,Reporter,Legal Status,Priority Numbers,Programming Language,Version,System,Code,Code Number,Section,Session,Committee,History,Legislative Body
58EQAM8C,book,2024,,Las humanidades digitales en la enseñanza de las literaturas hispánicas. Aplicaciones prácticas,,978-3-631-90806-8 978-3-631-90807-5,,10.3726/b21145,https://www.peterlang.com/document/1366954,"Las humanidades digitales han cambiado la forma de investigar la literatura en lengua española, pero su impacto no ha llegado a la enseñanza. En este libro se aborda, mediante un recorrido sistemático y detallado, con ejemplos y ejercicios prácticos, diferentes metodologías digitales que nos llevan desde la búsqueda de textos en lengua española en repositorios, su almacenaje, su preparación para el análisis y su análisis con diferentes técnicas. Se busca facilitar la integración de las metodologías digitales en las aulas universitarias y su posterior aplicación en el estudio de la literatura escrita en lengua española. El fin último es la revisión de cánones e historias de la literatura estancadas y que nuevas generaciones de investigadores e investigadoras se asomen a otra forma de concebir las disciplinas, propongan nuevas aperturas del canon, pongan a disposición del público general obras olvidadas y las integren en sus estudios cuantitativos aprovechando los trabajos de digitalización previos y emprendiendo otros nuevos para ampliar los límites de la investigación literaria.",2024,2025-05-28 17:27:54,2026-02-17 01:57:04,2025-05-28 17:27:54,,428,,,,,,,,,,Peter Lang Verlag,,,,,,,DOI.org (Crossref),,,"En este libro se aborda, mediante un recorrido sistemático y detallado, con ejemplos y ejercicios prácticos, diferentes metodologías digitales que nos llevan desde la búsqueda de textos en lengua española en repositorios, su almacenaje, su preparación para el análisis y su análisis con diferentes técnicas.

<div class=""comment"">
<p>This description was automatically added from 
<a href=""https://books.google.com/books?id=JK8VXK7QMNAC"">Google Books</a>. 
For a customized abstract or excerpt, add a note to the item in the 
<a href=""github.com/{{github}}/{{BASE_URL}}"">Zotero library</a></p>
</div>",,,Literatura; Humanidades digitales; Educación; Literatura digital en español,,"Martínez Cantón, Clara I.; Ortuño Casanova, Rocío; Huertas Morales, Antonio",,,,,,,,,,,,,,,,,,,,,,,,,,,,,,,,,,,,,,,,,,,,,
7M5GVGYU,book,2014,,"Humanidades Digitales: desafíos, logros y perspectivas de futuro",,,,,http://www.janusdigital.es/anexo.htm?id=5,,2014-04,2025-06-24 18:35:50,2026-02-17 01:57:04,2014-05-11,,,,,,,,,,,,SIELAE,A Coruña,,,,,,,,,<p>00005</p>,,,#nosource,,"López Poza, Sagrario; Pena Sueiro, Nieves",,,,,,,,,,,,,,,,,,,,,,,,,,,,,,,,,,,,,,,,,,,,,
IMBRSVLA,book,1996,"Millán, José Antonio",La edición electrónica y multimedia,,,,,,,1996,2025-06-24 18:35:49,2026-02-17 01:57:04,,,,,,,,,,,,,Tesitex,Salamanca,Spanish,,,,,,,,<p>00005</p>,,,#nosource,,,,,,,,,,,,,,,,,,,,,,,,,,,,,,,,,,,,,,,,,,,,,,,
Z9NBNP4F,book,2001,"Castells, Manuel",La Galaxia Internet,,,,,,,2001,2025-06-24 18:35:49,2026-02-17 01:57:04,,,,,,,,,,,,,Plaza & Janés,Barcelona,Spanish,,,,,,,,<p>00028</p>,,,#nosource,,,,,,,,,,,,,,,,,,,,,,,,,,,,,,,,,,,,,,,,,,,,,,,
ZFTYE76R,book,2018,,Humanidades Digitales Retos Recursos y Nuevas Propuestas,,,,,,,2018,2024-11-03 08:16:58,2026-02-17 01:57:04,,,,,,,,,,,,,Agilice Digital,Valladolid,,,,,,,,,"<div class=""comment"">
<p>This book needs an abstract or excerpt, and it doesn't have a Google Books description available to use. For a customized abstract or excerpt, add a note to the item in the 
<a href=""github.com/{{github}}/{{BASE_URL}}"">Zotero library</a></p>
</div>",,,Humanidades digitales; Volumen editado,,"Álvarez Ramos, Eva; Blasco Pascual, Javier",,,,,,,,,,,,,,,,,,,,,,,,,,,,,,,,,,,,,,,,,,,,,
DTIPCAS6,book,2018,,"Humanidades digitales: recepción, institucionalización y crítica",,978-607-8560-59-2 978-607-8560-60-8 978-607-8560-58-5,,,,,2018,2022-08-12 16:33:12,2024-03-19 21:01:41,,,,,,,,,,,,,Bonilla Artigas,Ciudad de México,Spanish,,,,,Open WorldCat,,OCLC: 1098731766,"El crecimiento de las humanidades digitales en los últimos 10 años es incuestionable, como se puede ver en el incremento de miembros de la Red de Humanidades Digitales, así como en la cantidad de actividades académicas que se organizan todos los años al respecto. Sin embargo, entre los problemas identificados desde el inicio de la RedHD se encuentran la falta de literatura en español, la invisibilidad del trabajo que se realiza en latitudes en donde el idioma no es el inglés y la necesidad urgente de publicaciones formales que aborden las Humanidades Digitales desde otras perspectivas. Con este libro – Humanidades Digitales: Recepción, institucionalización y crítica– abrimos un proyecto de publicación que tiene como objetivo sumar voces y experiencias a la discusión global sobre éstas; enriqueciendo y añadiendo el entretejido de este campo en pleno crecimiento. Presentamos seis capítulos de distintos autores quienes abordan temas relacionados con el papel de las Humanidades Digitales en diversos contextos institucionales y culturales. Con este primer volumen hacemos una modesta contribución hacia el ideal de presentar y representar un universo más amplio del trabajo y las ideas de Humanidades Digitales. Esperamos que este libro interese tanto a los expertos como a los que apenas se inician en este campo y que sirva como testimonio del trabajo realizado en otras regiones.",,,#nosource,,"Galina Russell, Isabel; Barrón Tovar, José Francisco; Encuentro de Humanistas Digitales",,,,,,,,,,,,,,,,,,,,,,,,,,,,,,,,,,,,,,,,,,,,,
6YI9SRIA,book,2018,"Vinck, Dominique",Humanidades digitales: la cultura frente a las nuevas tecnologías,,978-84-17341-10-7,,,,,2018,2022-08-12 16:33:12,2024-03-19 21:01:40,,,,,,,,Humanidades digitales,,,,,Gedisa,México,Spanish,,,,,Open WorldCat,,OCLC: 1117760787,"Esta obra nos sumerge en los estimulantes debates alrededor de esa gran transformación del saber a la que asistimos: la emergencia de las humanidades digitales. Dominique Vinck se propone analizar críticamente algunas de las ideas establecidas respecto a este revolucionario proceso cultural: el análisis de las humanidades digitales como nueva civilización y la ""desmaterialización"" del patrimonio cultural o cuantificación de las humanidades. Y es que la incorporación de la revolución digital puede suponer, según sostienen sus partidarios, el medio para salvar a las minusvaloradas humanidades, además de proporcionar una mayor democratización del saber, del acceso al patrimonio cultural, así como dialogo entre las culturas o como recurso para la innovación y el desarrollo económico. Pero las humanidades digitales también generan temores con respecto a lo que podríamos perder: ¿es posible que mueran el libro y las bibliotecas que conocemos? Afilados y sugerentes temas como éste, o como el robo del patrimonio cultural por parte de los países del norte a los del sur, la imposición de la hegemonía del inglés o la nueva brecha digital, se abordan en este libro, que recoge uno de los temas de mayor actualidad en nuestro panorama cultural del siglo XXI.",,,#nosource,,,,,,,,,,,,,,,,,,,,,,,,,,,,,,,,,,,,,,,,,,,,,,,
T8ZZ5R6U,book,2015,"Moretti, Franco",Lectura distante,,978-987-719-090-8,,,,,2015,2022-08-12 16:33:12,2024-03-19 21:01:40,,,274,,,,,,,,,,Fondo de Cultura Económica,Buenos Aires,,,,,,,,,"¿Por qué un historiador de la literatura llega a pensar en mapas literarios, series de novelas, flujos de traducción y diagramas de colecciones bibliográficas? En los diez ensayos reunidos en este volumen Franco Moretti reconstruye el itinerario intelectual que siguió su idea de la ""lectura distante"", desde el estudio de la evolución morfológica al análisis de datos cuantitativos. ¿Cómo funciona la teoría de la evolución para comprender el éxito o el fracaso de determinadas obras? ¿Puede el procesamiento de siete mil títulos decirnos algo sobre la novela como género? ¿Es efectiva una red de nodos para analizar el teatro de Shakespeare? Moretti se aleja de la lectura directa y utiliza mapas, series y árboles para arriesgar hipótesis sobre el sistema literario mundial. En estas páginas, sostiene: ""El término ""literatura mundial"" existe desde hace casi dos siglos, pero aún no hemos elaborado una teoría genuina del objeto al que se refiere, por muy flexible que sea su definición. No hemos reunido un conjunto de conceptos ni hemos concebido una hipótesis para organizar la inmensa cantidad de datos que constituyen la literatura mundial. No sabemos qué es la literatura mundial.",,,#nosource,,,,"Mosconi, Lilia",,,,,,,,,,,,,,,,,,,,,,,,,,,,,,,,,,,,,,,,,,,
A6JDAE9H,book,2004,"José Luis, Molinuevo",Humanismo y nuevas tecnologías,,84-206-4596-6,,,,,2004,2013-10-23 11:50:06,2024-03-19 21:01:18,,,240,,,,,,,,,,Alianza,Madrid,Español,,,,,,,00050,"Este libro no pretende humanizar las tecnologías ni tecnologizar las humanidades. Simplemente muestra, con ejemplos tomados de los géneros más variados desde la filosofía clásica hasta la ciencia ficción , la posibilidad de un humanismo tecnológico, basado en el hecho de que somos seres tecnológicos. El elemento común de los tres relatos fundacionales de la condición humana el del Génesis, el platónico y el nihilista es que el ser humano no se entiende desde lo que es, sino desde lo que le gustaría ser. Reflejan el punto de vista de lo ilimitado, pero no el nuestro. Frente a estos discursos se propone un humanismo tecnológico desde un humanismo del límite: no se trata de ir con las tecnologías al límite de las posibilidades humanas, sino de extraer las posibilidades del límite humano.

<div class=""comment"">
<p>This description was automatically added from 
<a href=""https://books.google.com/books?id=JK8VXK7QMNAC"">Google Books</a>. 
For a customized abstract or excerpt, add a note to the item in the 
<a href=""github.com/{{github}}/{{BASE_URL}}"">Zotero library</a></p>
</div>",,,#nosource,,,,,,,,,,,,,,,,,,,,,,,,,,,,,,,,,,,,,,,,,,,,,,,
5PDNZNVR,book,1994,"Marcos Marín, Francisco",Informática y Humanidades,,,,,,,1994,2013-08-14 10:27:26,2024-03-19 21:01:18,,,,,,,,,,,,,Gredos,Madrid,Spanish,,,,,,,00056,"<div class=""comment"">
<p>This book needs an abstract or excerpt, and it doesn't have a Google Books description available to use. For a customized abstract or excerpt, add a note to the item in the 
<a href=""github.com/{{github}}/{{BASE_URL}}"">Zotero library</a></p>
</div>",,,#nosource; TEI; SGML; ADMYTE; Libro de Alexandre; PhiloBiblon; TACT; TUSTEP; UNITE,,,,,,,,,,,,,,,,,,,,,,,,,,,,,,,,,,,,,,,,,,,,,,,
38UVZ9VT,book,2001,"Millán, José Antonio",Internet y el español,,84-931542-7-X,,,,,2001,2013-08-22 09:18:39,2024-03-19 21:01:18,,,289,,,,,,Biblioteca Fundación Retevisión,,,,Fundación Retevisión,Madrid,Spanish,,,,,Library of Congress ISBN,ZA4201 .M55 2001,00056,"<div class=""comment"">
<p>This book needs an abstract or excerpt, and it doesn't have a Google Books description available to use. For a customized abstract or excerpt, add a note to the item in the 
<a href=""github.com/{{github}}/{{BASE_URL}}"">Zotero library</a></p>
</div>",,,#nosource,,,,,,,,,,,,,,,,,,,,,,,,,,,,,,,,,,,,,,,,,,,,,,,
B3U9CBZV,book,2006,"Cerezo, José M.",La blogosfera hispana: pioneros de la cultura digital,,,,,http://www.fundacionorange.es/areas/25_publicaciones/la_blogosfera_hispana.pdf,,2006,2013-09-13 07:53:53,2024-03-19 21:01:17,,,,,,,,,,,,,Fundación France Telecom España,,Spanish,,,,,,,00002,"<div class=""comment"">
<p>This book needs an abstract or excerpt, and it doesn't have a Google Books description available to use. For a customized abstract or excerpt, add a note to the item in the 
<a href=""github.com/{{github}}/{{BASE_URL}}"">Zotero library</a></p>
</div>",,,#nosource,,,,,,,,,,,,,,,,,,,,,,,,,,,,,,,,,,,,,,,,,,,,,,,
SSGUF7XU,book,2001,"Castells, Manuel",La Galaxia Internet,,,,,,,2001,2013-08-14 12:10:22,2024-03-19 21:01:16,,,,,,,,,,,,,Plaza & Janés,Barcelona,Spanish,,,,,,,00028,,,,#nosource,,,,,,,,,,,,,,,,,,,,,,,,,,,,,,,,,,,,,,,,,,,,,,,
B4DB5U94,book,1996,"Millán, José Antonio",La edición electrónica y multimedia,,,,,,,1996,2013-08-18 10:03:37,2024-03-19 21:01:16,,,,,,,,,,,,,Tesitex,Salamanca,Spanish,,,,,,,00005,"<div class=""comment"">
<p>This book needs an abstract or excerpt, and it doesn't have a Google Books description available to use. For a customized abstract or excerpt, add a note to the item in the 
<a href=""github.com/{{github}}/{{BASE_URL}}"">Zotero library</a></p>
</div>",,,#nosource,,,,,,,,,,,,,,,,,,,,,,,,,,,,,,,,,,,,,,,,,,,,,,,
36QXTBCH,book,2014,,"Humanidades Digitales: desafíos, logros y perspectivas de futuro",,,,,http://www.janusdigital.es/anexo.htm?id=5,,2014-11-04,2014-05-11 14:42:02,2024-03-19 21:01:11,2014-05-11 14:42:02,,,,,,,,,,,,SIELAE,A Coruña,,,,,,,,00005,"<div class=""comment"">
<p>This book needs an abstract or excerpt, and it doesn't have a Google Books description available to use. For a customized abstract or excerpt, add a note to the item in the 
<a href=""github.com/{{github}}/{{BASE_URL}}"">Zotero library</a></p>
</div>",,,#nosource,,"López Poza, Sagrario; Pena Sueiro, Nieves",,,,,,,,,,,,,,,,,,,,,,,,,,,,,,,,,,,,,,,,,,,,,
DM8CUNDT,book,2014,"Escandell Montiel, Daniel",Escrituras para el siglo XXI. Literaturas y blogosfera,,,,,,,2014,2014-03-28 14:14:37,2024-03-19 21:01:10,,,342,,,,,,,,,,Iberoamericana / Vervuert,Madrid,,,,,,,,00000,"

<div class=""comment"">
<p>This description was automatically added from 
<a href=""https://books.google.com/books?id=JK8VXK7QMNAC"">Google Books</a>. 
For a customized abstract or excerpt, add a note to the item in the 
<a href=""github.com/{{github}}/{{BASE_URL}}"">Zotero library</a></p>
</div>",,,#nosource,,,,,,,,,,,,,,,,,,,,,,,,,,,,,,,,,,,,,,,,,,,,,,,
IQUJRKHN,book,2013,,Teatro e Internet en la década del siglo XXI,,,,,,,2013,2014-03-26 19:20:13,2024-03-19 21:01:10,,,556,,,,,,,,,,Verbum,Madrid,,,,,,,,00012,"Teatro e Internet en la primera década del siglo XXI, volumen editado por José Romera Castillo, recoge las sesiones plenarias, impartidas por destacados dramaturgos y críticos, así como las comunicaciones expuestas (tras previa selección) en el XXII Seminario Internacional del Centro de Investigación de Semiótica Literaria, Teatral y Nuevas Tecnologías de la Universidad Nacional de Educación a Distancia, del 25 al 27 de junio de 2012. El volumen, que continúa una larga y rigurosa labor(como puede verse en http://www.uned.es/centro-investigacion-SELITEN@T), ofrece una serie de aportaciones pioneras en la investigación teatral en España (y fuera de ella) sobre el tema en el periodo indicado.

<div class=""comment"">
<p>This description was automatically added from 
<a href=""https://books.google.com/books?id=JK8VXK7QMNAC"">Google Books</a>. 
For a customized abstract or excerpt, add a note to the item in the 
<a href=""github.com/{{github}}/{{BASE_URL}}"">Zotero library</a></p>
</div>",,,#nosource,,"Romera Castillo, José",,,,,,,,,,,,,,,,,,,,,,,,,,,,,,,,,,,,,,,,,,,,,
G49855EC,book,2006,"Orihuela, José Luis",La Revolución de los blogs: cuando las bitácoras se convirtieron en el medio de comunicación de la gente,,,,,,,2006,2014-02-08 18:23:31,2024-03-19 21:01:09,,,283,,,,,,,,,,La Esfera de los Libros,Madrid,,,,,,,,00055,"Los weblogs, blogs, cuadernos de bitácora o simplemente bitácoras son los sitios web personales que están poniendo la Red al alcance de todo el mundo. 'La revolución de los blogs' examina los principales ámbitos de impacto de los weblogs - sobre el periodismo, la empresa, la educación o la política - con ejemplos y referencias para comprender cómo y por qué este nuevo medio está cambiando nuestra cultura y generando otra nueva; la blogosfera.",,,#nosource,,,,,,,,,,,,,,,,,,,,,,,,,,,,,,,,,,,,,,,,,,,,,,,
PUXFNA6B,book,2011,,La propiedad intelectual en la era digital: límites e infracciones a los derechos de autor en internet,,,,,,,2011,2014-03-19 14:31:31,2024-03-19 21:01:09,,,,,,,,,,,,,La Ley. Grupo Wolters Kluwer,,,,,,,,,00000,"La digitalización y los sistemas de telecomunicación alteran de forma relevante la práctica de los derechos de autor vigente, se puede decir desde la invención de la imprenta. La reacción frente a los cambios se produce en numerosos campos, queriéndose lograr un real control tecnológico de las obras y un refuerzo jurídico de la posición de los autores. Pero lo que resulta más difícil conseguir es el punto adecuado para el nuevo equilibrio entre los intereses en juego, especialmente por el peso económico que adquiere en el nuevo contexto la información y los contenidos de las obras de todo tipo. Probablemente uno de los aspectos más significativos a la hora de fijar los nuevos equilibrios son precisamente los límites e infracciones a la explotación en exclusiva de los derechos reconocidos al titular sobre las obras, así como las infracciones a tales derechos creadas por el legislador. Límites e infracciones que marcan la amplitud de capacidades otorgadas por el ordenamiento jurídico, combinando las legítimas expectativas del creador y el indudable interés general en el acceso a obras de cultura y conocimiento por los miembros de una sociedad. Entre las infracciones a los derechos de autor que el legislador interpone para su defensa destacan las de carácter penal por sus consecuencias de todo tipo para el autor del hecho ilícito.",,,#nosource,,"Mata Marín, Ricardo Manuel; Javato Martín, Antonio María",,,,,,,,,,,,,,,,,,,,,,,,,,,,,,,,,,,,,,,,,,,,,
NABDPDD9,book,2004,"Pajares Tosca, Susana",Literatura digital: el paradigma hipertextual,,,,,,,2004,2013-08-13 08:12:13,2024-03-19 21:01:08,,,171,,,,,,,,,,Universidad de Extremadura,Cáceres,,,,,,,,00041,,,,#nosource; Hipertexto; Teoría,,,,,,,,,,,,,,,,,,,,,,,,,,,,,,,,,,,,,,,,,,,,,,,
MF53K9VH,book,2001,"Reynal, Vicente",Las humanidades en la era digital,,0-8447-0112-3,,,http://books.google.co.uk/books?id=BJOQBxQOi2oC&lpg=PR7&ots=gtGfb0m8xJ&dq=humanidades%20digitales&lr&pg=PP1#v=onepage&q&f=false,,2001,2013-11-21 15:54:47,2024-03-19 21:01:08,,,,,,,,,,,,,Universidad de Puerto Rico,San Juan,,,,,,,,00001,,,,#nosource,,,,,,,,,,,,,,,,,,,,,,,,,,,,,,,,,,,,,,,,,,,,,,,
9USS79CK,book,2000,"Vouillamoz, Núria",Literatura e hipermedia: la irrupción de la literatura interactiva,,,,,,,2000,2013-08-21 18:52:05,2024-03-19 21:01:08,,,207,,,,,,,,,,Paidós,Barcelona,Spanish,,,,,,,00087,"<div class=""comment"">
<p>This book needs an abstract or excerpt, and it doesn't have a Google Books description available to use. For a customized abstract or excerpt, add a note to the item in the 
<a href=""github.com/{{github}}/{{BASE_URL}}"">Zotero library</a></p>
</div>",,,#nosource,,,,,,,,,,,,,,,,,,,,,,,,,,,,,,,,,,,,,,,,,,,,,,,
T9RBNGJE,book,2015,"Pérez López, Mª Ángeles; Sánchez Aparicio, Vega",Letras y bytes. Escrituras y nuevas tecnologías,,,,,http://www.reichenberger.de/Pages/plit77.html,,2015,2015-08-23 19:40:57,2024-03-19 21:01:08,,,,,,,,,,,,,Edition Reichenberger,Kassel,,,,,,,,,"

<div class=""comment"">
<p>This description was automatically added from 
<a href=""https://books.google.com/books?id=JK8VXK7QMNAC"">Google Books</a>. 
For a customized abstract or excerpt, add a note to the item in the 
<a href=""github.com/{{github}}/{{BASE_URL}}"">Zotero library</a></p>
</div>",,,#nosource,,"Noguerol, Francisca",,,,,,,,,,,,,,,,,,,,,,,,,,,,,,,,,,,,,,,,,,,,,
EAMAHI3N,book,1998,"Moreno Hernández, Carlos",Literatura e hipertexto: de la cultura manuscrita a la cultura electrónica,,84-362-3683-1 978-84-362-3683-5,,,,,1998,2013-08-28 15:45:32,2024-03-19 21:01:08,,,,,,,,Literatura e hipertexto,,,,,Universidad Nacional de Educación a Distancia,Madrid,Spanish,,,,,Open WorldCat,,00031,,,,#nosource,,,,,,,,,,,,,,,,,,,,,,,,,,,,,,,,,,,,,,,,,,,,,,,
7JFKTFWC,book,2008,"Pardo Salgado, Carmen",Las TIC: una reflexión filosófica,,,,,,"La razón técnica se encarna hoy en las Tecnologías de la Información y la Comunicación y en sus efectos en la transformación de la producción y transmisión del saber. Con ella se insta a sustituir -en las sociedades postindustriales-, a la antigua mano de obra por un nuevo capital humano fundado en el conocimiento. En el ca mino hacia esta sociedad cohabitan los antiguos discursos ilustrados junto a la exigencia de una formación permanente que hace del conocimiento un valor de cambio. En esta situación y alejándonos tanto de un discurso que demoniza la técnica como de los discursos complacientes que hacen de ella la panacea para todos los males, interrogamos de nuevo nuestra relación con la técnica y sus nexos con el sistema económico, político y social en el que se encuentra.",2008,2014-12-31 12:38:05,2024-03-19 21:01:08,,,,,,,,,,,,,Laertes,Barcelona,,,,,,,,,,,,#nosource,,,,,,,,,,,,,,,,,,,,,,,,,,,,,,,,,,,,,,,,,,,,,,,
JQHKJZX8,book,2008,,Literaturas del texto al hipermedia,,978-84-7658-888-8 84-7658-888-7,,,,,2008,2013-08-26 07:53:28,2024-03-19 21:01:08,,,,,,,,,,,,,Anthropos,Rubí,Spanish,,,,,Open WorldCat,,00006,"Contenido La tecnología aplicada a la información, la comunicación y la cultura ha sido a lo largo de la historia de la humanidad un factor clave. El impacto tecnológico digital es constante en la cultura del siglo XXI y plantea retos que la literatura debe ir sopesando, poniendo a prueba e incorporando a sus planteamientos de creación, criterios de transmisión y perpetuidad histórica. El objetivo de este volumen es analizar y transmitir cómo las tecnologías están transformando nuestros modos de pensar y también cómo nuestros modos de pensar cambian la tecnología.",,,#nosource,,"Romero López, Dolores; Sanz Cabrerizo, Ángeles",,,,,,,,,,,,,,,,,,,,,,,,,,,,,,,,,,,,,,,,,,,,,
8QKCASNZ,book,2013,,Imágenes de la tecnología y la globalización en las literaturas hispánicas,,,,,http://www.ibero-americana.net/cgi-bin/infodetail.cgi?doknr=521750&lang=es&txt=einleitung,"Imágenes de la tecnología y la globalización en las literaturas hispánicas / Jesús Montoya Juárez, Ángel Esteban del Campo (eds.) recoge una serie de estudios donde se reflexiona sobre las conexiones de la literatura con las nuevas tecnología y los medios de comunicación.   Compuesta por ensayos de especialistas como Jorge Carrión, Francisca Noguerol, Daniel Mesa Gancedo o Doménico Chiappe, entre otros, se abordan algunas pautas sobre la última narrativa en español, los textos en la nueva identidad digital y el hibridismo tecnológico en la literatura hispánica actual.",2013,2014-03-01 14:19:38,2024-03-19 21:01:07,,,284,,,,,,,,,,Iberoamericana - Vervuert,Madrid - Frankfurt,,,,,,,,00000,"<div class=""comment"">
<p>This book needs an abstract or excerpt, and it doesn't have a Google Books description available to use. For a customized abstract or excerpt, add a note to the item in the 
<a href=""github.com/{{github}}/{{BASE_URL}}"">Zotero library</a></p>
</div>",,,#nosource,,"Montoya Juárez, Jesús; Esteban del Campo, Ángel",,,,,,,,,,,,,,,,,,,,,,,,,,,,,,,,,,,,,,,,,,,,,
R6TMQXES,book,2019,"Fry, Hannah",Hola mundo: cómo seguir siendo humanos en la era de los algoritmos,,978-84-17552-41-1,,,,,2019,2021-08-05 09:42:55,2024-03-19 21:01:07,,,,,,,,Hola mundo,,,,,,,Traducció de: Hello world : being human in the age of algorithms,,,,,Open WorldCat,,00000  OCLC: 1139473619,"

<div class=""comment"">
<p>This description was automatically added from 
<a href=""https://books.google.com/books?id=JK8VXK7QMNAC"">Google Books</a>. 
For a customized abstract or excerpt, add a note to the item in the 
<a href=""github.com/{{github}}/{{BASE_URL}}"">Zotero library</a></p>
</div>",,,#nosource,,,,"Ramos, Francisco",,,,,,,,,,,,,,,,,,,,,,,,,,,,,,,,,,,,,,,,,,,
4HWSH3PA,book,2017,,Sustainable surfing,,978-1-138-93075-9,,,,,2017,2017-03-22 15:52:20,2024-03-19 21:01:06,,,,,,,,,,,,,Routledge,"Abingdon, Oxon ; New York, NY",,,,,,Library of Congress ISBN,GV839.5 .S88 2017,00000,"<p>Sustainability and surfing in a risk society / Gregory Borne -- Resource system boundaries, ecosystems, management, stakeholders / Steve Martin and Danny O'Obrien -- Technology, industry , and sustainability -- The technological epoch of surfing, its implications and impacts and the potential for sustainability to theme the next epoch / Leon Mach -- Towards more sustainable business practices in surf industry clusters / Anna Gerke -- Surfboard manufacturing technologies / Chris Gibson &amp; Andy Warren -- Surfing voices in coastal management : Gold Coast surf management plan / Dan Ware, Neil Lazarow and Rob Hales -- International surfing activism / Rob Hales, Neil Lazarow and Dan Ware -- Hedonic pricing and strategies for ensuring local value from surf driven coastal exploitation / Jason Scorse -- Localism and opportunity or barrier to achieving sustainability / Lindsay Usher -- Wilderness surfing experiences, development responses / Mark Orams -- Surfing spaces / Jon Anderson -- Culture, meaning and sustainability in surfing / Neil Lazarow and Rebecca Olive -- Nirvanification in the age of simulated surfing environments / Jess Ponting -- Sustainability and surfing : themes and synergies, future directions / Gregory Borne</p>",,,#nosource,Economic aspects; Environmental aspects; Sustainability; Environmental sustainability; Surfing,"Borne, Gregory; Ponting, Jess",,,,,,,,,,,,,,,,,,,,,,,,,,,,,,,,,,,,,,,,,,,,,
RBP2DCZM,book,2015,,"Textos, pixeles y bits.  Reflexiones sobre la publicación digital",,,,,http://www.iib.unam.mx/index.php/publicaciones?start=3,"Este libro, publicado en formato digital ―utilizando, precisamente, los nuevos formatos de edición―, es una excelente muestra del análisis sobre los retos actuales que enfrenta la producción editorial en el cada vez más acelerado campo tecnológico.   El uso de las redes sociales y la llamada Web 2.0 han permitido la publicación, por los mismos usuarios, de una enorme cantidad de material digital, como novelas electrónicas, fotografías, ilustraciones y blogs, lo cual ha generado otros tipos de difusión de las distintas formas del saber. Atendiendo estas premisas, los estudios que componen la presente obra buscan responder ―de acuerdo con las palabras de Isabel Galina Russell, coordinadora del volumen― a los siguientes puntos: problematización y definición de publicación digital en el contexto del resguardo de patrimonio bibliográfico; uso de la digitalización para apoyar las tareas de preservación y difusión de materiales históricos; desarrollo de nuevos tipos de publicaciones, en particular las aplicaciones literarias para iPad; reflexión acerca de los retos y dificultades para la preservación de documentación personal digital; relación entre oralidad y escritura en el texto digital y el papel del archivo sonoro; derechos de autor y discusión relativa al deliberado balance entre los controles para la protección de la propiedad intelectual y la importancia del conocimiento abierto y el bien común.   En definitiva, los textos aquí reunidos, los cuales conforman una visión plural y multidisciplinaria, ponen sobre la mesa una temática tan interesante como necesaria.",2015,2015-03-14 00:51:12,2024-03-19 21:01:06,,,,,,,,,,,,,,,es,,,,,,,00000,"<div class=""comment"">
<p>This book needs an abstract or excerpt, and it doesn't have a Google Books description available to use. For a customized abstract or excerpt, add a note to the item in the 
<a href=""github.com/{{github}}/{{BASE_URL}}"">Zotero library</a></p>
</div>",,,#nosource; Publicación digital,,"Galina Russell, Isabel",,,,,,,,,,,,,,,,,,,,,,,,,,,,,,,,,,,,,,,,,,,,,
FVMG53NJ,book,2013,"Fernández Travieso, Carlota",Estudio de codificación XML/TEI para Relaciones de Sucesos españolas,,978-84-695-9041-6,,,http://www.bidiso.es/sielae/upload/estaticas/file/FTCXMLTEI1.pdf,,2013,2014-06-22 21:54:00,2024-03-19 21:00:53,,,,,,,,,,,,,SIELAE (Seminario Interdisciplinar para el Estudio de la Literatura Áurea Española),A Coruña,Spanish,,,,,,,,"<div class=""comment"">
<p>This book needs an abstract or excerpt, and it doesn't have a Google Books description available to use. For a customized abstract or excerpt, add a note to the item in the 
<a href=""github.com/{{github}}/{{BASE_URL}}"">Zotero library</a></p>
</div>",,,#nosource; TEI; XML; Relaciones de sucesos; Historia del periodismo; SIELAE,,,,,,,,,,,,,,,,,,,,,,,,,,,,,,,,,,,,,,,,,,,,,,,
CERNJMFU,book,2013,,Escritorios electrónicos para las literaturas: nuevas herramientas digitales para la anotación colaborativa,,,,,http://eprints.ucm.es/23805/1/LuisPabloNu%C3%B1ez_EscritoriosElectrLiteraturas.pdf,"El volumen recoge un conjunto de estudios relativos a la interacción entre las Humanidades y las nuevas tecnologías. Llevados a cabo por profesores e investigadores de las universidades Complutense, UNED, Universidad Federal de Santa Catarina (Brasil) y Grupo Ciberimaginario-ICONO14, tratan aspectos tales como la creación de repositorios de objetos de aprendizaje, la construcción de museos virtuales, la recuperación de la información mediante agrupación en retículos y la anotación colaborativa sobre documentos digitales, especialmente literarios. Se añade una breve historia de las anotaciones, desde la Edad Media hasta nuestros días (smartphones y tabletas). El libro va dirigido a informáticos interesados en la creación de herramientas para las humanidades digitales y a filólogos que quieran introducir las TICs en la enseñanza de la literatura en el aula. Debido al Programa de Colaboración Interuniversitaria Hispano-Brasileño con cuya ayuda se ha publicado este libro, algunos de los textos que se recogen en esta obra están escritos en español y otros en portugués.",2013,2014-03-19 14:36:18,2024-03-19 21:00:53,,,,,,,,,,,,,Universidad Complutense de Madrid,Madrid,,,,,,,,00000,,,,#nosource,,"Pablo Núñez, Luis",,,,,,,,,,,,,,,,,,,,,,,,,,,,,,,,,,,,,,,,,,,,,
N9X75I4A,book,2004,"Scolari, Carlos",Hacer clic. Hacia una sociosemiótica de las interacciones digitales,,,,,,,2004,2014-02-07 15:06:10,2024-03-19 21:00:52,,,253,,,,,,,,,,Gedisa,Barcelona,,,,,,,,00132,"El principal aporte de esta obra es proponer una ruptura epistemológica respecto a las teorías que hoy dominan la discusión sobre las interacciones persona-ordenador: a díferencia de lo que afirma la mayor parte de los diseñadores y teóricos, en este libro se sostiene que las interfaces no son un lugar transparente y neutral donde el sujeto interactúa de manera automática y natural con un producto digital. Así, el autor nos guía en los primeros pasos de lo que sería una crítica de la razón instrumental con el objetivo de superar el mito de la transparencia de las interfaces.

<div class=""comment"">
<p>This description was automatically added from 
<a href=""https://books.google.com/books?id=JK8VXK7QMNAC"">Google Books</a>. 
For a customized abstract or excerpt, add a note to the item in the 
<a href=""github.com/{{github}}/{{BASE_URL}}"">Zotero library</a></p>
</div>",,,#nosource,,,,,,,,,,,,,,,,,,,,,,,,,,,,,,,,,,,,,,,,,,,,,,,
EHHTUETQ,book,2008,"Scolari, Carlos",Hipermediaciones. Elementos para una Teoría de la Comunicación Digital Interactiva,,,,,,,2008,2014-02-07 15:07:23,2024-03-19 21:00:52,,,317,,,,,,,,,,Gedisa,Barcelona,,,,,,,,00209,"Las tecnologías pasan, las preguntas y las dudas quedan... ¿Qué es una teoría? ¿Qué es comunicación? ¿Puede una tecnología remodelar un conjunto de teorías? Este libro, organizado como un manual pero escrito con un estilo ensayístico, delimita un territorio teórico nuevo, un espacio cruzado por diferentes discursos donde el trabajo científico corre el riesgo de quedar atrapado entre las estrategias de marketing y los relatos utópicos. Los medios fueron tradicionalmente considerados como instrumentos pertenecientes a la dimensión del hacer saber: un canal que transmitía información. Pero mientras nuevas concepciones teóricas -que nos proponían pensar en 'mediaciones' más que en 'medios'- se difundían en las universidades iberoamericanas, la mediaesfera entraba en un proceso acelerado de mutación causado por la invasión de pequeños componentes de silicio y la conformación de redes por donde circula el fluido vital de la sociedad de la información. En Hipermediaciones Carlos A. Scolari reflexiona y teoriza acerca de esta mutación, un fenómeno de dimensiones históricas comparable a la Revolución Industrial o la invención de la imprenta. En la primera parte se traza un cuadro de las teorías de la comunicación digital interactiva en el contexto de las tradicionales teorías sobre los medios masivos y se analizan conceptos, se describen campos discursivos (como las ciberculturas) y se desmontan algunos mitos que entorpecen el trabajo científico. En la segunda parte se presentan las grandes transformaciones que está sufriendo el ecosistema mediático a partir de la introducción de las tecnologías digitales. La obra concluye con una serie de reflexiones sobre las nuevas subjetividades espacio-temporales promovidas por la comunicación digital interactiva.

<div class=""comment"">
<p>This description was automatically added from 
<a href=""https://books.google.com/books?id=JK8VXK7QMNAC"">Google Books</a>. 
For a customized abstract or excerpt, add a note to the item in the 
<a href=""github.com/{{github}}/{{BASE_URL}}"">Zotero library</a></p>
</div>",,,#nosource,,,,,,,,,,,,,,,,,,,,,,,,,,,,,,,,,,,,,,,,,,,,,,,
XQIWUAU7,book,2009,,Teoría y literatura artística en la sociedad digital: construcción y aplicabilidad de colecciones textuales informatizadas,,978-84-9704-462-2,,,,"Las reflexiones e investigaciones que se han volcado en las páginas de este libro se centran en un ámbito muy concreto del complejo campo de la cultura digital: el de las colecciones de textos digitales. Su objetivo es triple: en primer lugar, aportar nuevas contribuciones a los estudios sobre sociedad digital e historia del arte, especialmente en relación con el desarrollo de plataformas digitales diseñadas como sistemas de información con fines investigadores, esto es, para la producción de conocimiento; en segundo lugar, presentar los primeros resultados del proyecto Atenea-TTC, un proyecto de I+D perteneciente al Plan Nacional de Arte y Humanidades que se lleva ejecutando en distintas universidades españolas y en centros extranjeros desde el año 2006 bajo el título Desarrollo de un tesauro terminológico-conceptual (TTC) de los discursos teórico-artísticos españoles de la Edad Moderna y del corpus textual informatizado (Atenea); en tercer lugar, ofrecer un protocolo de buenas prácticas, útil para todos aquellos grupos de investigación que quieran acometer proyectos de naturaleza similar. La sociedad digital plantea nuevas exigencias que hay que tener en cuenta: estándares y metadatos, normalización terminológica, flujos de navegación, estrategias de preservación digital, visualización a través de una interfaz gráfica, necesidades de interoperabilidad… Todo un conjunto de factores que el especialista debe conocer para desarrollar proyectos artísticos digitales con garantías de éxito y perdurabilidad.",2009,2013-08-14 16:31:25,2024-03-19 21:00:51,,,432,,,,,,,,,,Ediciones Trea,Gijón,Spanish,,,,,,,ZSCC: NoCitationData[s0],"La reflexión sobre la incidencia que las denominadas tic, entre las que se incluyen Internet y la Web, tienen y tendrán sobre el patrimonio cultural y los bienes histórico-artísticos no es nueva. Tampoco lo es la reflexión sobre el modo en que esta realidad tecnológica está transformando los estudios histórico-artísticos: los nuevos modelos de lectura y construcción discursiva que provee el hipertexto; los contenidos multimediáticos en interacción y simbiosis continua; la posibilidad de diseccionar, desintegrar y transformar los documentos digitales; los nuevos modos de visualización de las interficies; la construcción cooperativa de información en el contexto de la Web 2.0; la socialización del conocimiento y el trabajo colaborativo a través de redes sociales; la conexión global e infinita del conocimiento en la Red a través de hiperenlaces ilimitados, o el estallido de la percepción convencional de la dimensión espaciotemporal son solo algunos de los aspectos que nos invitan al cuestionamiento de nuestras prácticas y de nuestras ideas. Las reflexiones e investigaciones que se han volcado en las páginas de este libro se centran en un ámbito muy concreto del complejo campo de la cultura digital: el de las colecciones de textos digitales. Su objetivo es triple: en primer lugar, aportar nuevas contribuciones a los estudios sobre sociedad digital e historia del arte, especialmente en relación con el desarrollo de plataformas digitales diseñadas como sistemas de información con fines investigadores, esto es, para la producción de conocimiento; en segundo lugar, presentar los primeros resultados del proyecto Atenea-TTC, un proyecto de I+D perteneciente al Plan Nacional de Arte y Humanidades que se lleva ejecutando en distintas universidades españolas y en centros extranjeros desde el año 2006 bajo el título Desarrollo de un tesauro terminológico-conceptual (TTC) de los discursos teórico-artísticos españoles de la Edad Moderna y del corpus textual informatizado (Atenea); en tercer lugar, ofrecer un protocolo de buenas prácticas, útil para todos aquellos grupos de investigación que quieran acometer proyectos de naturaleza similar. La sociedad digital plantea nuevas exigencias que hay que tener en cuenta: estándares y metadatos, normalización terminológica, flujos de navegación, estrategias de preservación digital, visualización a través de una interfaz gráfica, necesidades de interoperabilidad... Todo un conjunto de factores que el especialista debe conocer para desarrollar proyectos artísticos digitales con garantías de éxito y perdurabilidad.",,,#nosource; Arte digital,,"Rodríguez Ortega, Nuria",,,,,,,,,,,,,,,,,,,,,,,,,,,,,,,,,,,,,,,,,,,,,
5A4NVDQJ,book,2014,,Humanidades Digitales: una aproximación transdisciplinar,,,,,http://www.janusdigital.es/fa/4656756780959093003595388/anexo2janus_completo_pub.pdf,,2014,2014-06-10 16:05:31,2024-03-19 21:00:51,,,,,,,,,,,,,SIELAE,A Coruña,,,,,,,,,"The contributions gathered in this volume show how digital technologies can be applied to Medieval Studies (Philology, Art, and History) in order to improve our understanding of medieval societies and cultures.",,,#nosource,,"Baraibar, Álvaro",,,,,,,,,,,,,,,,,,,,,,,,,,,,,,,,,,,,,,,,,,,,,
JG2DVI2S,book,2005,"Borràs, Laura; Adell, Joan-Elies; Calefato, Patrizia; Canadell, Roger; Koskimaa, Raine; Izquierdo, Oriol; Clara Moll, Isabel; Terranova, Tiziana; Ollé, Manel; Pajares Tosca, Susana; Pinto, Rafaele; Torras, Meri; Vuillemin, Alain",Textualidades electrónicas: nuevos escenarios para la literatura,,,,,,,2005,2013-08-13 08:12:13,2024-03-19 21:00:51,,,283,,,,,,,,,,Editorial UOC,Barcelona,,,,,,,,ZSCC: 0000043[s0],,,,#nosource; Hipertexto; Teoría,,"Borràs, Laura",,,,,,,,,,,,,,,,,,,,,,,,,,,,,,,,,,,,,,,,,,,,,
J8D9HSSE,book,2014,,Visibilidad y divulgación de la investigación desde las Humanidades Digitales. Experiencias y proyectos,,978-84-8081-412-6,,,http://www.unav.edu/publicacion/biblioteca-aurea-digital/BIADIG-22,"El presente trabajo reúne iniciativas, proyectos y experiencias interesantes en los diferentes planos de este amplio contexto de la visibilidad y la difusión de la investigación en el ámbito de las Humanidades. En él se pone en común distintas experiencias, se comparte conocimientos y se da a conocer otras iniciativas, ya que en este campo de las Humanidades Digitales el valor ejemplarizante de los proyectos es muy importante. Así, el libro se ha organizado en cuatro áreas diferentes con su propia personalidad, pero vinculadas, como no podía ser de otro modo, entre sí: «Blogging académico, visibilidad y difusión de la investigación», «Revistas digitales», «Edición digital» y «Divulgación y Bibliotecas digitales».",2014,2014-04-18 14:06:36,2024-03-19 21:00:50,,,,,,,,,Biblioteca Áurea Digital,22,,,Servicio de Publicaciones de la Universidad de Navarra,,esp,,,,,,,00000,"<div class=""comment"">
<p>This book needs an abstract or excerpt, and it doesn't have a Google Books description available to use. For a customized abstract or excerpt, add a note to the item in the 
<a href=""github.com/{{github}}/{{BASE_URL}}"">Zotero library</a></p>
</div>",,,#nosource; humanidades digitales; experiencias; proyectos,,"Baraibar, Alvaro",,,,,,,,,,,,,,,,,,,,,,,,,,,,,,,,,,,,,,,,,,,,,
RUK4I6M7,book,2016,"Pulos, Alexis","Transnational contexts of culture, gender, class, and colonialism in play: video games in East Asia",,978-3-319-43816-0,,,,,2016,2017-03-22 15:52:18,2024-03-19 21:00:50,,,,,,,,"Transnational contexts of culture, gender, class, and colonialism in play",East Asian popular culture,,,,Springer Science+Business Media,"New York, NY",,,,,,Library of Congress ISBN,,00000,"This book examines the local, regional and transnational contexts of video games through a focused analysis on gaming communities, the ways game design regulates gender and class relations, and the impacts of colonization on game design. The critical interest in games as a cultural artifact is covered by a wide range of interdisciplinary work. To highlight the social impacts of games the first section of the book covers the systems built around high score game competitions, the development of independent game design communities, and the formation of fan communities and cosplay. The second section of the book offers a deeper analysis of game structures, gender and masculinity, and the economic constraints of empire that are built into game design. The final section offers a macro perspective on transnational and colonial discourses built into the cultural structures of East Asian game play.",,,#nosource,,,,,,,,,,,,,,,,,,,,,,,,,,,,,,,,,,,,,,,,,,,,,,,
XILLXN2K,book,2019,"Clivaz, C.","Ecritures digitales. Digital Writing, Digital Scriptures",,978-90-04-40256-0,,,https://doi.org/10.1163/9789004402560_002,,2019,2021-07-11 14:49:05,2024-03-19 21:00:34,,,290,,1,1,,,Digital Biblical Studies,4,,,Brill,Leiden - Boston,"Français, English",,,,,,,ZSCC: 0000006,"Ecritures digitales aims to demonstrate how digital writing contributes to the emergence of “a new relationship between the human body and the machine” as Jacques Derrida proposed when he considered the effects of new technologies. This reconfigured relationship, not surprisingly, is also influencing the digital future of the Jewish-Christian textual corpus referred to as “the Scriptures”. The French title brings together this duality in one expression: Ecritures digitales. The English subtitle makes explicit the double meaning of the unique French word Ecritures: Digital writing, digital Scriptures. With a full French version and an abbreviated English version, this monograph analyzes the main challenges and opportunities for both writing and the Scriptures in the transition to digital culture. Ecritures digitales souhaite démontrer de quelle manière l’écriture digitale contribue à l’émergence d’une « nouvelle relation du corps humain aux machines », selon le diagnostique posé par Jacques Derrida à propos des effets des nouvelles technologies. Cette relation innovante influence également l’avenir numérique du corpus textuel judéo-chrétien désigné comme «les Ecritures». Le titre français rassemble en une seule expression ces deux thématiques: Ecritures digitales. Le sous-titre anglais rend sa double signification explicite: Digital writing, digital Scriptures. Avec une version française complète et une version anglaise brève, cette monographie analyse les principaux défis des métamorphoses digitales de l’écriture et des Ecritures.

<div class=""comment"">
<p>This description was automatically added from 
<a href=""https://books.google.com/books?id=JK8VXK7QMNAC"">Google Books</a>. 
For a customized abstract or excerpt, add a note to the item in the 
<a href=""github.com/{{github}}/{{BASE_URL}}"">Zotero library</a></p>
</div>",,,#nosource,,,,,,,,,,,,,,,,,,,,,1ª,,,,,,,,,,,,,,,,,,,,,,,,,,
PZWDSUSS,book,2003,"Vega, María José",Literatura hipertextual y teoría literaria,,,,,http://cv.uoc.edu/~04_999_01_u07/vega1.html,,2003,2013-08-13 08:12:13,2024-03-19 21:00:29,,,,,,,,,,,,,Marenostrum comunicación,Madrid,Spanish,,,,,,,00029,<p>The following values have no corresponding Zotero field:<br />JF - Aura Digital. Estudis de cibercultura hipertextual</p>,,,#nosource; Hipertexto; Teoría,,,,,,,,,,,,,,,,,,,,,,,,,,,,,,,,,,,,,,,,,,,,,,,
TYMBXGKW,book,2018,"Salamanca López, Manuel Joaquín",Entornos Digitales: Humanidades y Ciencias Sociales en la Universidad Complutense de Madrid.,,978-607-98364-0-5,,,,,2018,2020-08-12 03:28:07,2024-03-19 21:00:20,,,169,,,,,,,,,,Red de Humanidades Digitales,Ciudad de México,Español,,,,,,,00000,,,,#nosource,,"Romero López, María Dolores",,,,,,,,,,,,,,,,,,,,,,,,,,,,,,,,,,,,,,,,,,,,,
TNPWP764,book,2013,"Kelly, T. Mills",Teaching History in the Digital Age,,978-0-472-02913-6,,,https://muse.jhu.edu/book/22708,"Although many humanities scholars have been talking and writing about the transition to the digital age for more than a decade, only in the last few years have we seen a convergence of the factors that make this transition possible: the spread of sufficient infrastructure on campuses, the creation of truly massive databases of humanities content, and a generation of students that has never known a world without easy Internet access. Teaching History in the Digital Age serves as a guide for practitioners on how to fruitfully employ the transformative changes of digital media in the research, writing, and teaching of history. T. Mills Kelly synthesizes more than two decades of research in digital history, offering practical advice on how to make best use of the results of this synthesis in the classroom and new ways of thinking about pedagogy in the digital humanities.",2013,2020-08-12 03:28:08,2024-03-19 21:00:11,2018-04-11 17:46:06,,,,,,,,,,,,University of Michigan Press,,English,,,,,Project MUSE,,QID: Q60186757,"A practical guide on how one professor employs the transformative changes of digital media in the research, writing, and teaching of history",,,#nosource,,,,,,,,,,,,,,,,,,,,,,,,,,,,,,,,,,,,,,,,,,,,,,,
BMQZ497B,book,2014,"Lupton, Deborah",Digital Sociology,,978-1-138-02276-8,,,http://gen.lib.rus.ec/book/index.php?md5=847c18ddca31ebb8bfb600cce3405975,,2014,2020-08-12 03:28:09,2024-03-19 21:00:10,2018-08-19 13:07:32,,,,,,,,,,,,Routledge,Londres & New York,,,,,,Library Genesis,,QID: Q96705951,"We now live in a digital society. New digital technologies have had a profound influence on everyday life, social relations, government, commerce, the economy and the production and dissemination of knowledge. People’s movements in space, their purchasing habits and their online communication with others are now monitored in detail by digital technologies. We are increasingly becoming digital data subjects, whether we like it or not, and whether we choose this or not. The sub-discipline of digital sociology provides a means by which the impact, development and use of these technologies and their incorporation into social worlds, social institutions and concepts of selfhood and embodiment may be investigated, analysed and understood. This book introduces a range of interesting social, cultural and political dimensions of digital society and discusses some of the important debates occurring in research and scholarship on these aspects. It covers the new knowledge economy and big data, reconceptualising research in the digital era, the digitisation of higher education, the diversity of digital use, digital politics and citizen digital engagement, the politics of surveillance, privacy issues, the contribution of digital devices to embodiment and concepts of selfhood and many other topics. Digital Sociology is essential reading not only for students and academics in sociology, anthropology, media and communication, digital cultures, digital humanities, internet studies, science and technology studies, cultural geography and social computing, but for other readers interested in the social impact of digital technologies.",,,#nosource,,,,,,,,,,,,,,,,,,,,,,,,,,,,,,,,,,,,,,,,,,,,,,,
FBXDTYWG,book,2013,"Dougherty, Jack; Nawrotzki, Kristen",Writing History in the Digital Age,,978-0-472-02991-4,,,https://muse.jhu.edu/book/27633,"Writing History in the Digital Age began as a “what-if” experiment by posing a question: How have Internet technologies influenced how historians think, teach, author, and publish? To illustrate their answer, the contributors agreed to share the stages of their book-in-progress as it was constructed on the public web.       To facilitate this innovative volume, editors Jack Dougherty and Kristen Nawrotzki designed a born-digital, open-access, and open peer review process to capture commentary from appointed experts and general readers. A customized WordPress plug-in allowed audiences to add page- and paragraph-level comments to the manuscript, transforming it into a socially networked text. The initial six-week proposal phase generated over 250 comments, and the subsequent eight-week public review of full drafts drew 942 additional comments from readers across different parts of the globe.       The finished product now presents 20 essays from a wide array of notable scholars, each examining (and then breaking apart and reexamining) if and how digital and emergent technologies have changed the historical profession.",2013,2020-08-12 03:28:09,2024-03-19 21:00:09,2018-04-11 17:45:08,,,,,,,,,,,,University of Michigan Press,,English,,,,,Project MUSE,,00059,"A born-digital project that asks how recent technologies have changed the ways that historians think, teach, author, and publish",,,#nosource,,,,,,,,,,,,,,,,,,,,,,,,,,,,,,,,,,,,,,,,,,,,,,,
2TXX5YEH,book,2018,"González, Déborah; Bermúdez, Sabel Helena","Humanidades Digitales, Miradas hacia la Edad Media",,978-3-11-058541-4,,10.1515/9783110585421,https://www.degruyter.com/viewbooktoc/product/499554?fbclid=IwAR3gtJIDBrwynIDBb5XvkZ3Jyux-JESs2D_2SHqLHBHzEOkjy1M0vK_R0RA,,2018,2020-08-12 03:28:09,2024-03-19 21:00:08,2020-01-13 16:54:58,,,,,,,,,,,,De Gruyter,"Berlin, Boston",SPAN,,,,,DeGruyter,,,"The contributions gathered in this volume show how digital technologies can be applied to Medieval Studies (Philology, Art, and History) in order to improve our understanding of medieval societies and cultures.

<div class=""comment"">
<p>This description was automatically added from 
<a href=""https://books.google.com/books?id=JK8VXK7QMNAC"">Google Books</a>. 
For a customized abstract or excerpt, add a note to the item in the 
<a href=""github.com/{{github}}/{{BASE_URL}}"">Zotero library</a></p>
</div>",,,#nosource,,,,,,,,,,,,,,,,,,,,,,,,,,,,,,,,,,,,,,,,,,,,,,,
UUWEJLKB,book,2015,"del Río Riande, Gimena; Cantamutto, Lucía; Striker, Gabriela","Las Humanidades Digitales desde Argentina: Tecnologías, culturas, saberes",,978-987-3617-89-8,,,https://libros.unlp.edu.ar/index.php/unlp/catalog/book/542,,2015,2020-08-12 03:28:11,2024-03-19 21:00:07,2019-10-14 20:58:54,,,,,,,,,,,,"Editorial de la Facultad de Filosofía y Letras Universidad de Buenos Aires,",Buenos Aires,Español,,,,,,,,"Fil: del Rio Riande, Gimena. Universidad de Buenos Aires; Argentina.

<div class=""comment"">
<p>This description was automatically added from 
<a href=""https://books.google.com/books?id=JK8VXK7QMNAC"">Google Books</a>. 
For a customized abstract or excerpt, add a note to the item in the 
<a href=""github.com/{{github}}/{{BASE_URL}}"">Zotero library</a></p>
</div>",,,#nosource,,,,,,,,,,,,,,,,,,,,,1a. edición,,,,,,,,,,,,,,,,,,,,,,,,,,
4DBT5AWG,book,1997,"Irizarry, Estelle",Informática y literatura: análisis de textos hispánicos,,978-84-922335-6-4,,,,,1997,2016-04-21 15:50:01,2021-08-16 00:34:58,,,210,,,,,Informática y literatura,,,,,Anthropos Editorial,,es,,,,,Google Books,,00006,Over de toepassing van informatica bij de analyse van spaanstalige teksten.,,https://books.google.com.mx/books?id=owiwrnWVpTEC,,,,,,,,,,,,,,,,,,,,,,,,,,,,,,,,,,,,,,,,,,,,,,,,
347XST7R,book,2014,"Marqués, María Pérez",Minería de Datos a través de ejemplos,,978-84-941801-4-9,,,,Rare book,2014-03-11,2020-08-12 03:28:10,2021-07-19 21:23:42,,,,,,,,,,,,,RC Libros,Madrid,Spanish,,,,,Amazon,,00036,"Con la ayuda de este libro, a través de ejemplos totalmente resueltos, el lector profundizará en el descubrimiento e interpretación de la información contenida en grandes conjuntos de datos. Se trata de exponer, con sencillez y mediante una metodología interactiva, los conceptos de minería de datos e inteligencia de negocios. Este libro analiza las herramientas más habituales y las posibilidades que ofrecen SAS, SAS Enterprise Guide, SAS Enterprise Miner, IBM SPSS e IBM SPSS Modeler.

<div class=""comment"">
<p>This description was automatically added from 
<a href=""https://books.google.com/books?id=JK8VXK7QMNAC"">Google Books</a>. 
For a customized abstract or excerpt, add a note to the item in the 
<a href=""github.com/{{github}}/{{BASE_URL}}"">Zotero library</a></p>
</div>",,https://www.amazon.com/Miner%C3%ADa-Datos-trav%C3%A9s-ejemplos-Marqu%C3%A9s/dp/8494180142/ref=sr_1_4?keywords=miner%C3%ADa+de+datos&qid=1576200036&s=books&sr=1-4,,,,,,,,,,,,,,,,,,,,,,"1ªed., 1ª imp edition",,,,,,,,,,,,,,,,,,,,,,,,,,
PIGLS9AB,book,2017,,"Los hijos de los dioses: El ""Grupo Filosófico Hiperión"" y la filosofía de lo mexicano",,,,,https://www.scribd.com/book/336319450/Los-hijos-de-los-dioses-El-Grupo-Filosofico-Hiperion-y-la-filosofia-de-lo-mexicano,"Descubrir qué es lo mexicano, cuáles son los rasgos que mejor describen el ser nacional, las particularidades de su cultura y su devenir histórico, ha sido una vieja obsesión que ha ocupado a numerosos intelectuales, científicos sociales, artistas y hombres de letras de México desde, por lo menos, finales del siglo XIX. Hacia mediados del siglo pasado, un grupo de jóvenes universitarios –filósofos en su mayoría–, se propusieron actualizar las búsquedas sobre la identidad nacional haciendo uso de un inusitado arsenal teórico.  El presente libro explora las representaciones identitarias formuladas por estos intelectuales, quienes dieron en llamarse Grupo filosófico Hiperión. Las propuestas y tesis que englobaron bajo el nombre de ""filosofía de lo mexicano"" o ""filosofía de la mexicanidad"" son examinadas aquí bajo la lupa de las distintas tramas que dieron sustento, significado y proyección a sus planteamientos sobre lo mexicano.",2017-11-23,2020-08-12 03:28:06,2026-02-17 01:57:04,2017-11-23 23:13:15,,,,,,,Los hijos de los dioses,,,,,,,,,,,,www.scribd.com,,00000,"Descubrir qué es lo mexicano, cuáles son los rasgos que mejor describen el ser nacional, las particularidades de su cultura y su devenir histórico, ha sido una vieja obsesión que ha ocupado a numerosos intelectuales, científicos sociales, artistas y hombres de letras de México desde, por lo menos, finales del siglo XIX. Hacia mediados del siglo pasado, un grupo de jóvenes universitarios –filósofos en su mayoría–, se propusieron actualizar las búsquedas sobre la identidad nacional haciendo uso de un inusitado arsenal teórico. El presente libro explora las representaciones identitarias formuladas por estos intelectuales, quienes dieron en llamarse Grupo filosófico Hiperión. Las propuestas y tesis que englobaron bajo el nombre de ""filosofía de lo mexicano"" o ""filosofía de la mexicanidad"" son examinadas aquí bajo la lupa de las distintas tramas que dieron sustento, significado y proyección a sus planteamientos sobre lo mexicano.",,https://www.scribd.com/read/336319450/Los-hijos-de-los-dioses-El-Grupo-Filosofico-Hiperion-y-la-filosofia-de-lo-mexicano,,,,,,,,,,,,,,,,,,,,,,,,,,,,,,,,,,,,,,,,,,,,,,,,
VMWWVEMZ,book,1996,"Marcos Marín, Francisco",El comentario filológico con apoyo informático,,,,,,,1996,2013-08-14 15:31:06,2024-03-19 21:00:49,,,,,,,,,,,,,Síntesis,Madrid,,,,,,,,00014,,,,#nosource,,,,,,,,,,,,,,,,,,,,,,,,,,,,,,,,,,,,,,,,,,,,,,,
HRAEIA6V,book,2013,"Pons, Anaclet",El desorden digital. Guía para historiadores y humanistas,,,,,,"No es sólo la historia o las humanidades, es el mundo el que está cambiando, en ocasiones de forma estimulante; en otras, de una manera que nos sobresalta. Muy pocos son los que pueden presumir de comprender esa mutación. En medio de la transformación digital, zarandeados por el remolino del cambio, la sensación de confusión y desconcierto es inevitable.  Este volumen se ofrece como ayuda, como guía para comprender algunos de los fenómenos que acompañan «el desorden digital» en el que estamos inmersos: los cambios en los soportes, en la lectura, en la escritura, en el documento y el archivo mismos, en la condición y la función de autor, en los modos de colaboración y en la difusión del conocimiento. El autor nos muestra una mutación que afecta a procesos con los que captamos el mundo, que utilizamos para conocerlo, muchos de los cuales pasan inadvertidos precisamente por su obviedad, por su familiaridad, cuando lo que hacen es modificar nuestro trabajo de una manera profunda. De ahí la necesidad de sobreponerse a la confusión, al extravío, y la exigencia de pensar lo que supone ese entorno digital, de aquilatar lo que sucede a nuestro alrededor.",2013,2014-12-31 12:19:23,2024-03-19 21:00:49,,,318,,,,,,,,,,Siglo XXI Editores,Madrid,,,,,,,,,"No es sólo la historia o las humanidades, es el mundo el que está cambiando, en ocasiones de forma estimulante; en otras, de una manera que nos sobresalta. Muy pocos son los que pueden presumir de comprender esa mutación. En medio de la transformación digital, zarandeados por el remolino del cambio, la sensación de confusión y desconcierto es inevitable. Este volumen se ofrece como ayuda, como guía para comprender algunos de los fenómenos que acompañan «el desorden digital» en el que estamos inmersos: los cambios en los soportes, en la lectura, en la escritura, en el documento y el archivo mismos, en la condición y la función de autor, en los modos de colaboración y en la difusión del conocimiento. El autor nos muestra una mutación que afecta a procesos con los que captamos el mundo, que utilizamos para conocerlo, muchos de los cuales pasan inadvertidos precisamente por su obviedad, por su familiaridad, cuando lo que hacen es modificar nuestro trabajo de una manera profunda. De ahí la necesidad de sobreponerse a la confusión, al extravío, y la exigencia de pensar lo que supone ese entorno digital, de aquilatar lo que sucede a nuestro alrededor.

<div class=""comment"">
<p>This description was automatically added from 
<a href=""https://books.google.com/books?id=JK8VXK7QMNAC"">Google Books</a>. 
For a customized abstract or excerpt, add a note to the item in the 
<a href=""github.com/{{github}}/{{BASE_URL}}"">Zotero library</a></p>
</div>",,,#nosource,,,,,,,,,,,,,,,,,,,,,,,,,,,,,,,,,,,,,,,,,,,,,,,
UHJSUIVE,book,2012,"Lucía Megías, José Manuel",Elogio del texto digital. Claves para interpretar el nuevo paradigma,,,,,,,2012,2013-08-19 15:33:33,2024-03-19 21:00:48,,,148,,,,,,,,,,Fórcola,,Español,,,,,,,00000,"La historia nos demuestra que cada vez que aparece una nueva tecnología surgen todo tipo de resistencias debido a las incógnitas que provoca su aparición. Como si de un antídoto se tratara, este ensayo pretende aportar algunas respuestas sobre la naturaleza de los cambios y pequeñas revoluciones que hemos llegado ya a asumir, al tiempo que desea plantear nuevos interrogantes sobre los caminos que debemos seguir en el futuro si queremos sacarle el máximo rendimiento al texto digital, a la revolución del conocimiento que está llamando a nuestras puertas. Nos guste o no, tenemos que asumir que nuestros hábitos de creación, acceso y consumo cultural están experimentando una transformación histórica con la llegada de Internet. Ante estas nuevas formas de crear, acceder y consumir la cultura, autores, editores, libreros y bibliotecarios, entre otros, deberán reflexionar sobre cuál será su nuevo papel. Nadie tiene hoy en día una hoja de ruta con un esquema claro sobre cuál es el futuro de la sociedad digital. Y aunque el libro de José Manuel Lucía Megías deja de manera intencionada muchos interrogantes sin respuesta, su lectura ayuda a reflexionar, a despejar falsos miedos y a asumir una mentalidad de innovación para romper esquemas con el fin de descifrar el nuevo paradigma.

<div class=""comment"">
<p>This description was automatically added from 
<a href=""https://books.google.com/books?id=JK8VXK7QMNAC"">Google Books</a>. 
For a customized abstract or excerpt, add a note to the item in the 
<a href=""github.com/{{github}}/{{BASE_URL}}"">Zotero library</a></p>
</div>",,,#nosource,,,,,,,,,,,,,,,,,,,,,,,,,,,,,,,,,,,,,,,,,,,,,,,
8KPIRB67,book,2015,,Creatividad Computacional,,ISBN: 978-607-744-284-4,,,,,2015,2016-03-07 20:24:30,2024-03-19 21:00:46,,,,,,,,,,,,,UAM-Cuajimalpa-Patria,,,,,,,,,ZSCC: NoCitationData[s0]  Entrevista con el editor: https://www.youtube.com/watch?v=oNcdt5lhpeA,"<div class=""comment"">
<p>This book needs an abstract or excerpt, and it doesn't have a Google Books description available to use. For a customized abstract or excerpt, add a note to the item in the 
<a href=""github.com/{{github}}/{{BASE_URL}}"">Zotero library</a></p>
</div>",,,#nosource,,"Pérez y Pérez, Rafael",,,,,,,,,,,,,,,,,,,,,,,,,,,,,,,,,,,,,,,,,,,,,
HPT6G789,book,2013,,Digital Art History. Special Issue,,,,,http://www.mindspring.com/%7Esundt-vr/toc.htm,,2013-06,2013-08-14 17:09:29,2024-03-19 21:00:45,,,141,,29,,,,Visual Resources: An International Journal of Documentation,,,,"Routledge, Taylor & Francis Group",,en,,,,,,,ZSCC: 0000000[s0],"<div class=""comment"">
<p>This book needs an abstract or excerpt, and it doesn't have a Google Books description available to use. For a customized abstract or excerpt, add a note to the item in the 
<a href=""github.com/{{github}}/{{BASE_URL}}"">Zotero library</a></p>
</div>",,,#nosource; Arte digital,,"Baca, Murtha; Helmreich, Anne; Rodríguez Ortega, Nuria",,,,,,,,,,,,,,,,,,,,,,,,,,,,,,,,,,,,,,,,,,,,,
S6QN6JVV,book,2006,,Teoría del hipertexto,,,,,,,2006,2013-08-21 16:32:06,2024-03-19 21:00:45,,,316,,,,,,,,,,Arcos,Madrid,Spanish,,,,,,,00014,"Ya en Hipertexto, un clásico en la materia también publicado por Paidós, George P. Landow describía una tecnología de la información radicalmente nueva, así como sus relaciones con los trabajos teóricos de Jacques Derrida y Roland Barthes. En este nuevo libro, en cambio, ha reunido a un selecto grupo de autoridades sobre el tema para explorar aún más en profundidad las implicaciones de la lectura hipertextual en la teoría literaria contemporánea. Charles Ess, por ejemplo, recurre a la obra de Jürgen Habermas y la Escuela de Francfort para examinar el potencial del hipertexto en una verdadera democratización. Stuart Moulthrop recurre a Deleuze y Guattari para un estudio de la relación entre hipertexto y poder político. Espen Aarseth ubica el hipertexto en un marco creado por otras formas de textualidad electrónica. David Kolb explora las implicaciones del hipertexto en la filosofía y el discurso filosófico. J. Yellowlees Douglas, Gunnar Liestol y Mireille Rosello acuden a la teoría contemporánea para enfrentarse a la narrativa hipertextual. Terence Harpold investiga la ficción hipertextual de Michael Joyce. Y, para cerrar el libro, Gregory L. Ulmer se inspira en Derrida, Lacan y Wittgenstein para bucear en las nuevas formas de escritura que exige el hipertexto.",,,#nosource,,"Vilariño, Teresa; Abuin González, Ángel",,,,,,,,,,,,,,,,,,,,,,,,,,,,,,,,,,,,,,,,,,,,,
TGEJGXKV,book,2013,"Llosa Sanz, Álvaro",Más allá del papel. El hilo digital de la ficción impresa,,,,,http://www.academiaeditorial.com/web/wp-content/uploads/2013/11/Llosa-Hilo-digital.pdf,"Ante el despunte de los medios digitales en una cultura transformada por el hipermedia, por la inmersión en los espacios virtuales y por los nuevos hábitos sociales de lectura, el universo de la ficción que se nos ha transmitido de forma impresa comienza a replantearse su contexto pasado para hallar un espacio en el futuro. Este libro busca respuestas a una cuestión clave cuando hablamos de digitalización de obras de ficción previamente impresas: ¿es posible trasladar y de qué manera la memoria cultural del libro impreso a una memoria virtual caracterizada por el hipertexto, la inmersión audiovisual y la participación escrilectora? Si rescatamos las diversas formas de producción y recepción que rodearon la difusión de ficciones en torno a la era de la imprenta, descubriremos los hilos digitales de la ficción impresa.",2013,2014-06-02 08:28:05,2024-03-19 21:00:43,,,244,,,,,,,,,,Editorial Academia del Hispanismo,Vigo,,,,,,,,ZSCC: 0000005,"

<div class=""comment"">
<p>This description was automatically added from 
<a href=""https://books.google.com/books?id=JK8VXK7QMNAC"">Google Books</a>. 
For a customized abstract or excerpt, add a note to the item in the 
<a href=""github.com/{{github}}/{{BASE_URL}}"">Zotero library</a></p>
</div>",,,#nosource,,,,,,,,,,,,,,,,,,,,,,,,,,,,,,,,,,,,,,,,,,,,,,,
69FHFU3X,book,2002,"Lucía Megías, José Manuel",Literatura románica en Internet,,,,,,,2002,2013-08-18 10:02:50,2024-03-19 21:00:43,,,,,,,,,,,,,Castalia,Madrid,Spanish,,,,,,,ZSCC: 0000011,"<div class=""comment"">
<p>This book needs an abstract or excerpt, and it doesn't have a Google Books description available to use. For a customized abstract or excerpt, add a note to the item in the 
<a href=""github.com/{{github}}/{{BASE_URL}}"">Zotero library</a></p>
</div>",,,#nosource,,,,,,,,,,,,,,,,,,,,,,,,,,,,,,,,,,,,,,,,,,,,,,,
GANB7R4M,book,2011,"Orihuela, José Luis",Mundo Twitter: una guía para comprender y dominar la plataforma que cambió la red,,,,,,,2011,2014-02-08 18:22:19,2024-03-19 21:00:43,,,266,,,,,,,,,,Alienta,Barcelona,,,,,,,,ZSCC: 0000313,"Quienes tienen una visión romántica de la innovación y la creatividad pueden sorprenderse, o indignarse, de que una herramienta tecnológica que sólo permite intercambiar mensajes que contengan hasta 140 caracteres, se haya convertido en uno de los medios de comunicación más poderosos de la historia. Twitter, la red social creada en 2006, ha revolucionado la forma de comunicarse de las personas y la manera en que se transmite la información, hasta el punto de que ha sido clave en revueltas políticas como la egipcia. En Mundo Twitter, el profesor José Luis Orihuela explica todos los secretos de este fenómeno que ya cuenta con más de 200 millones de usuarios en todo el mundo y difunde más de 130 millones de mensajes al día. Con este libro, una guía tanto para los que ya están en Twitter como para aquellos que aún no han lanzado su primer tuit, podrá aprender las claves de la escritura en 140 caracteres, y descubrir cómo puede utilizarlo en el mundo profesional para realizar acciones de marketin online Además incluye un listado de los mejores 140 tuiteros de cada campo y una selección de los mejores tuits.",,,#nosource,,,,,,,,,,,,,,,,,,,,,,,,,,,,,,,,,,,,,,,,,,,,,,,
VJDGAACC,book,2012,"Torrens Álvarez, María Jesús; Sánchez-Prieto Borja, Pedro",Nuevas perspectivas para la edición y el estudio de documentos hispánicos antiguos,,,,,http://www.peterlang.com/download/toc/65496/toc_431142.pdf,,2012,2013-10-04 15:41:23,2024-03-19 21:00:42,,,484,,,,,,,,,,Peter Lang,Bern,,,,,,,,ZSCC: 0000007,<p>Pedir por CCBC</p>; <p>Pedir por CCBC</p>,,,#nosource; Edición digital,,,,,,,,,,,,,,,,,,,,,,,,,,,,,,,,,,,,,,,,,,,,,,,
KRA3Z2IN,book,2013,"Scolari, Carlos A",Narrativas Transmedia: cuando todos los medios cuentan,,978-84-234-1336-2 84-234-1336-5,,,,,2013,2013-09-13 07:49:17,2024-03-19 21:00:42,,,,,,,,Narrativas Transmedia,,,,,"Centro Libros PAPF, S.L.U.",Barcelona,Spanish,,,,,Open WorldCat,,ZSCC: 0001824,,,,#nosource,,,,,,,,,,,,,,,,,,,,,,,,,,,,,,,,,,,,,,,,,,,,,,,
M95KVCHF,book,2006,"Mora, Vicente Luis","Pangea: Internet, blogs y comunicación en un mundo nuevo",,,,,,,2006,2013-09-13 07:47:55,2024-03-19 21:00:41,,,259,,,,,,,,,,Fundación José Manuel Lara,Sevilla,Spanish,,,,,,,ZSCC: 0000098,,,,#nosource,,,,,,,,,,,,,,,,,,,,,,,,,,,,,,,,,,,,,,,,,,,,,,,
TCF2FQS7,book,2018,,"Literatura en el laboratorio. Canon, archivo y crítica literaria en la era digital",,,,,"https://www.gedisa.com/ficha.aspx?idcol=240&cod=240018&titulo=Literatura-en-el-laboratorio&aut=Moretti,%20Franco#.YQg4k-3tbe1",,2018,2021-08-02 18:23:39,2024-03-19 21:00:41,,,236,,,,,,,,,,Gedisa,Barcelona,es,,,,,,,,"Is it possible for a computer program to identify literary genres as well as human reasoning, to completely sequence a set of novels in order to trace the peculiarity of the stylistic phenomenon? The research of Franco Moretti and his team, the Stanford Literary Lab founded in 2010, has confirmed it: we can use computational systems to analyze in detail the genres of the novel, look for patterns in the arrangement of the most frequent words and scrutinize the interconnected layers of meaning. But undoubtedly one of the most important novelties to emerge from the digitization of literary studies is the ability to map the vast and unexplored continent of literature (The Great Unread): «We used to work with a couple of hundred nineteenth-century novels, but now we can analyze thousands or tens of thousands and soon hundreds of thousands; it is as if, suddenly, we have a telescope with which we can observe unknown galaxies». In this exploratory journey into the «narrative genome», Literature in the Laboratory succeeds in spreading the passion of a rigorous research process that, not without its difficulties, opens revolutionary doors for literary studies.

<div class=""comment"">
<p>This description was automatically added from 
<a href=""https://books.google.com/books?id=JK8VXK7QMNAC"">Google Books</a>. 
For a customized abstract or excerpt, add a note to the item in the 
<a href=""github.com/{{github}}/{{BASE_URL}}"">Zotero library</a></p>
</div>",,,#nosource,,"Moretti, Franco",,"Rojas Castro, Antonio",,,,,,,,,,,,,,,,,,,,,,,,,,,,,,,,,,,,,,,,,,,
7HD7ZE5M,book,2018,,Humanidades Digitales: Construcciones locales en contextos globales. Actas del I Congreso Internacional de la Asociación Argentina de Humanidades Digitales - AAHD,,978-987-4019-97-4,,,,,2018,2021-07-11 14:49:05,2024-03-19 21:00:35,,,566,,1,1,,,,,,,Universidad de Buenos Aires. Editorial de la Facultad de Filosofía y Letras,Buenos Aires,Español,,,,,,,ZSCC: NoCitationData[s0],,,,#nosource,,"Río Riande, G. del; Calarco, G.; Striker, G.; León, R. de",,,,,,,,,,,,,,,,,,,1ª,,,,,,,,,,,,,,,,,,,,,,,,,,
XL9XLPY7,book,2019,,Digital Classical Philology. Ancient Greek and Latin in the Digital Revolution,,978-3-11-059678-6 978-3-11-059957-2,,,,,2019,2021-07-11 14:49:05,2024-03-19 21:00:34,,,348,,1,1,,,Age of Access? Grundfragen der Informationsgesellschaft,10,,,Walter de Gruyter GmbH,Berlin - Boston,English,,,,,,,ZSCC: 0000017,"Thanks to the digital revolution, even a traditional discipline like philology has been enjoying a renaissance within academia and beyond. Decades of work have been producing groundbreaking results, raising new research questions and creating innovative educational resources. This book describes the rapidly developing state of the art of digital philology with a focus on Ancient Greek and Latin, the classical languages of Western culture. Contributions cover a wide range of topics about the accessibility and analysis of Greek and Latin sources. The discussion is organized in five sections concerning open data of Greek and Latin texts; catalogs and citations of authors and works; data entry, collection and analysis for classical philology; critical editions and annotations of sources; and finally linguistic annotations and lexical databases. As a whole, the volume provides a comprehensive outline of an emergent research field for a new generation of scholars and students, explaining what is reachable and analyzable that was not before in terms of technology and accessibility.

<div class=""comment"">
<p>This description was automatically added from 
<a href=""https://books.google.com/books?id=JK8VXK7QMNAC"">Google Books</a>. 
For a customized abstract or excerpt, add a note to the item in the 
<a href=""github.com/{{github}}/{{BASE_URL}}"">Zotero library</a></p>
</div>",,,#nosource,,"Berti, M.",,,,,,,,,,,,,,,,,,,1ª,,,,,,,,,,,,,,,,,,,,,,,,,,
XV5GTZW8,book,1996,"Millán, José Antonio",La edición electrónica y multimedia,,,,,,,1996,2025-06-24 17:08:11,2026-02-17 01:57:04,,,,,,,,,,,,,Tesitex,Salamanca,Spanish,,,,,,,,<p>00005</p>,,,#nosource,,,,,,,,,,,,,,,,,,,,,,,,,,,,,,,,,,,,,,,,,,,,,,,
8CWRIEQZ,book,2001,"Castells, Manuel",La Galaxia Internet,,,,,,,2001,2025-06-24 17:08:11,2026-02-17 01:57:04,,,,,,,,,,,,,Plaza & Janés,Barcelona,Spanish,,,,,,,,<p>00028</p>,,,#nosource,,,,,,,,,,,,,,,,,,,,,,,,,,,,,,,,,,,,,,,,,,,,,,,
WYT6Q5NL,book,2019,"Clivaz, C.","Ecritures digitales. Digital Writing, Digital Scriptures",,978-90-04-40256-0,,,https://doi.org/10.1163/9789004402560_002,,2019,2025-06-24 17:08:20,2026-02-17 01:57:04,,,,,1,,,,Digital Biblical Studies,4,,,Brill,Leiden - Boston,"Français, English",,,,,,,,<p>ZSCC: 0000006 </p>,,,#nosource,,,,,,,,,,,,,,,,,,,,,1ª,,,,,,,,,,,,,,,,,,,,,,,,,,
P2PC8BZE,book,2019,,Digital Classical Philology. Ancient Greek and Latin in the Digital Revolution,,978-3-11-059678-6 978-3-11-059957-2,,,,,2019,2025-06-24 17:08:19,2026-02-17 01:57:04,,,,,1,,,,Age of Access? Grundfragen der Informationsgesellschaft,10,,,Walter de Gruyter GmbH,Berlin - Boston,English,,,,,,,,<p>ZSCC: 0000017 </p>,,,#nosource,,"Berti, M.",,,,,,,,,,,,,,,,,,,1ª,,,,,,,,,,,,,,,,,,,,,,,,,,
XHDKVSAD,book,2018,,Humanidades Digitales: Construcciones locales en contextos globales. Actas del I Congreso Internacional de la Asociación Argentina de Humanidades Digitales - AAHD,,978-987-4019-97-4,,,,,2018,2025-06-24 17:08:19,2026-02-17 01:57:04,,,,,1,,,,,,,,Universidad de Buenos Aires. Editorial de la Facultad de Filosofía y Letras,Buenos Aires,Español,,,,,,,,<p>ZSCC: NoCitationData[s0] </p>,,,#nosource,,"Río Riande, G. del; Calarco, G.; Striker, G.; León, R. de",,,,,,,,,,,,,,,,,,,1ª,,,,,,,,,,,,,,,,,,,,,,,,,,
RGCIMJFL,book,2018,,"Literatura en el laboratorio. Canon, archivo y crítica literaria en la era digital",,,,,"https://www.gedisa.com/ficha.aspx?idcol=240&cod=240018&titulo=Literatura-en-el-laboratorio&aut=Moretti,%20Franco#.YQg4k-3tbe1",,2018,2025-06-24 17:08:17,2026-02-17 01:57:04,,,,,,,,,,,,,Gedisa,Barcelona,es,,,,,,,,"Is it possible for a computer program to identify literary genres as well as human reasoning, to completely sequence a set of novels in order to trace the peculiarity of the stylistic phenomenon? The research of Franco Moretti and his team, the Stanford Literary Lab founded in 2010, has confirmed it: we can use computational systems to analyze in detail the genres of the novel, look for patterns in the arrangement of the most frequent words and scrutinize the interconnected layers of meaning. But undoubtedly one of the most important novelties to emerge from the digitization of literary studies is the ability to map the vast and unexplored continent of literature (The Great Unread): «We used to work with a couple of hundred nineteenth-century novels, but now we can analyze thousands or tens of thousands and soon hundreds of thousands; it is as if, suddenly, we have a telescope with which we can observe unknown galaxies». In this exploratory journey into the «narrative genome», Literature in the Laboratory succeeds in spreading the passion of a rigorous research process that, not without its difficulties, opens revolutionary doors for literary studies.

<div class=""comment"">
<p>This description was automatically added from 
<a href=""https://books.google.com/books?id=JK8VXK7QMNAC"">Google Books</a>. 
For a customized abstract or excerpt, add a note to the item in the 
<a href=""github.com/{{github}}/{{BASE_URL}}"">Zotero library</a></p>
</div>",,,#nosource,,"Moretti, Franco",,"Rojas Castro, Antonio",,,,,,,,,,,,,,,,,,,,,,,,,,,,,,,,,,,,,,,,,,,
B86JMP8S,book,2013,,Imágenes de la tecnología y la globalización en las literaturas hispánicas,,,,,http://www.ibero-americana.net/cgi-bin/infodetail.cgi?doknr=521750&lang=es&txt=einleitung,"Imágenes de la tecnología y la globalización en las literaturas hispánicas / Jesús Montoya Juárez, Ángel Esteban del Campo (eds.) recoge una serie de estudios donde se reflexiona sobre las conexiones de la literatura con las nuevas tecnología y los medios de comunicación. Compuesta por ensayos de especialistas como Jorge Carrión, Francisca Noguerol, Daniel Mesa Gancedo o Doménico Chiappe, entre otros, se abordan algunas pautas sobre la última narrativa en español, los textos en la nueva identidad digital y el hibridismo tecnológico en la literatura hispánica actual.",2013,2025-06-24 17:08:17,2026-02-17 01:57:04,,,,,,,,,,,,,Iberoamericana - Vervuert,Madrid - Frankfurt,,,,,,,,,<p>00000</p>,,,#nosource,,"Montoya Juárez, Jesús; Esteban del Campo, Ángel",,,,,,,,,,,,,,,,,,,,,,,,,,,,,,,,,,,,,,,,,,,,,
RHPSB6SE,book,2008,,Literaturas del texto al hipermedia,,978-84-7658-888-8 84-7658-888-7,,,,,2008,2025-06-24 17:08:16,2026-02-17 01:57:04,,,,,,,,,,,,,Anthropos,Rubí,Spanish,,,,,,,,<p>00006</p>,,,#nosource,,"Romero López, Dolores; Sanz Cabrerizo, Ángeles",,,,,,,,,,,,,,,,,,,,,,,,,,,,,,,,,,,,,,,,,,,,,
W66AMAKJ,book,2008,"Pardo Salgado, Carmen",Las TIC: una reflexión filosófica,,,,,,"La razón técnica se encarna hoy en las Tecnologías de la Información y la Comunicación y en sus efectos en la transformación de la producción y transmisión del saber. Con ella se insta a sustituir -en las sociedades postindustriales-, a la antigua mano de obra por un nuevo capital humano fundado en el conocimiento. En el ca mino hacia esta sociedad cohabitan los antiguos discursos ilustrados junto a la exigencia de una formación permanente que hace del conocimiento un valor de cambio. En esta situación y alejándonos tanto de un discurso que demoniza la técnica como de los discursos complacientes que hacen de ella la panacea para todos los males, interrogamos de nuevo nuestra relación con la técnica y sus nexos con el sistema económico, político y social en el que se encuentra.",2008,2025-06-24 17:08:16,2026-02-17 01:57:04,,,,,,,,,,,,,Laertes,Barcelona,,,,,,,,,,,,#nosource,,,,,,,,,,,,,,,,,,,,,,,,,,,,,,,,,,,,,,,,,,,,,,,
IJ3SKPNW,book,1998,"Moreno Hernández, Carlos",Literatura e hipertexto: de la cultura manuscrita a la cultura electrónica,,84-362-3683-1 978-84-362-3683-5,,,,,1998,2025-06-24 17:08:16,2026-02-17 01:57:04,,,,,,,,Literatura e hipertexto,,,,,Universidad Nacional de Educación a Distancia,Madrid,Spanish,,,,,,,,<p>00031</p>,,,#nosource,,,,,,,,,,,,,,,,,,,,,,,,,,,,,,,,,,,,,,,,,,,,,,,
MKY8INAY,book,2015,"Pérez López, Mª Ángeles; Sánchez Aparicio, Vega",Letras y bytes. Escrituras y nuevas tecnologías,,,,,http://www.reichenberger.de/Pages/plit77.html,,2015,2025-06-24 17:08:16,2026-02-17 01:57:04,,,,,,,,,,,,,Edition Reichenberger,Kassel,,,,,,,,,"

<div class=""comment"">
<p>This description was automatically added from 
<a href=""https://books.google.com/books?id=JK8VXK7QMNAC"">Google Books</a>. 
For a customized abstract or excerpt, add a note to the item in the 
<a href=""github.com/{{github}}/{{BASE_URL}}"">Zotero library</a></p>
</div>",,,#nosource,,"Noguerol, Francisca",,,,,,,,,,,,,,,,,,,,,,,,,,,,,,,,,,,,,,,,,,,,,
MB9H36ZK,book,2000,"Vouillamoz, Núria",Literatura e hipermedia: la irrupción de la literatura interactiva,,,,,,,2000,2025-06-24 17:08:16,2026-02-17 01:57:04,,,,,,,,,,,,,Paidós,Barcelona,Spanish,,,,,,,,<p>00087</p>,,,#nosource,,,,,,,,,,,,,,,,,,,,,,,,,,,,,,,,,,,,,,,,,,,,,,,
5SBZW773,book,2001,"Reynal, Vicente",Las humanidades en la era digital,,0-8447-0112-3,,,http://books.google.co.uk/books?id=BJOQBxQOi2oC&lpg=PR7&ots=gtGfb0m8xJ&dq=humanidades%20digitales&lr&pg=PP1#v=onepage&q&f=false,,2001,2025-06-24 17:08:16,2026-02-17 01:57:04,,,,,,,,,,,,,Universidad de Puerto Rico,San Juan,,,,,,,,,<p>00001</p>,,,#nosource,,,,,,,,,,,,,,,,,,,,,,,,,,,,,,,,,,,,,,,,,,,,,,,
WBZPB46G,book,2004,"Pajares Tosca, Susana",Literatura digital: el paradigma hipertextual,,,,,,,2004,2025-06-24 17:08:16,2026-02-17 01:57:04,,,,,,,,,,,,,Universidad de Extremadura,Cáceres,,,,,,,,,<p>00041</p>,,,#nosource; Hipertexto; Teoría,,,,,,,,,,,,,,,,,,,,,,,,,,,,,,,,,,,,,,,,,,,,,,,
QEVGSQ84,book,2011,,La propiedad intelectual en la era digital: límites e infracciones a los derechos de autor en internet,,,,,,,2011,2025-06-24 17:08:16,2026-02-17 01:57:04,,,,,,,,,,,,,La Ley. Grupo Wolters Kluwer,,,,,,,,,,<p>00000</p>,,,#nosource,,"Mata Marín, Ricardo Manuel; Javato Martín, Antonio María",,,,,,,,,,,,,,,,,,,,,,,,,,,,,,,,,,,,,,,,,,,,,
GXZMWS54,book,2006,"Orihuela, José Luis",La Revolución de los blogs: cuando las bitácoras se convirtieron en el medio de comunicación de la gente,,,,,,,2006,2025-06-24 17:08:15,2026-02-17 01:57:04,,,,,,,,,,,,,La Esfera de los Libros,Madrid,,,,,,,,,<p>00055</p>,,,#nosource,,,,,,,,,,,,,,,,,,,,,,,,,,,,,,,,,,,,,,,,,,,,,,,
SFYIBJWZ,book,2013,,Teatro e Internet en la década del siglo XXI,,,,,,,2013,2025-06-24 17:08:15,2026-02-17 01:57:04,,,,,,,,,,,,,Verbum,Madrid,,,,,,,,,<p>00012</p>,,,#nosource,,"Romera Castillo, José",,,,,,,,,,,,,,,,,,,,,,,,,,,,,,,,,,,,,,,,,,,,,
J95L3IZZ,book,2014,"Escandell Montiel, Daniel",Escrituras para el siglo XXI. Literaturas y blogosfera,,,,,,,2014,2025-06-24 17:08:15,2026-02-17 01:57:04,,,,,,,,,,,,,Iberoamericana / Vervuert,Madrid,,,,,,,,,<p>00000</p>,,,#nosource,,,,,,,,,,,,,,,,,,,,,,,,,,,,,,,,,,,,,,,,,,,,,,,
SNAN9L9D,book,2014,,"Humanidades Digitales: desafíos, logros y perspectivas de futuro",,,,,http://www.janusdigital.es/anexo.htm?id=5,,2014-04,2025-06-24 17:08:14,2026-02-17 01:57:04,2014-05-11,,,,,,,,,,,,SIELAE,A Coruña,,,,,,,,,<p>00005</p>,,,#nosource,,"López Poza, Sagrario; Pena Sueiro, Nieves",,,,,,,,,,,,,,,,,,,,,,,,,,,,,,,,,,,,,,,,,,,,,
4QM6R3YS,book,2001,"Millán, José Antonio",Internet y el español,,84-931542-7-X,,,,,2001,2025-06-24 17:08:38,2026-02-17 01:57:04,,,,,,,,,Biblioteca Fundación Retevisión,,,,Fundación Retevisión,Madrid,Spanish,,,,,,,,<p>00056</p>,,,#nosource,,,,,,,,,,,,,,,,,,,,,,,,,,,,,,,,,,,,,,,,,,,,,,,
V759CAPA,book,1994,"Marcos Marín, Francisco",Informática y Humanidades,,,,,,,1994,2025-06-24 17:08:38,2026-02-17 01:57:04,,,,,,,,,,,,,Gredos,Madrid,Spanish,,,,,,,,<p>00056</p>,,,#nosource; TEI; SGML; ADMYTE; Libro de Alexandre; PhiloBiblon; TACT; TUSTEP; UNITE,,,,,,,,,,,,,,,,,,,,,,,,,,,,,,,,,,,,,,,,,,,,,,,
ADQRFGSN,book,2015,"Moretti, Franco",Lectura distante,,978-987-719-090-8,,,,,2015,2025-06-24 17:08:37,2026-02-17 01:57:04,,,,,,,,,,,,,Fondo de Cultura Económica,Buenos Aires,,,,,,,,,"¿Por qué un historiador de la literatura llega a pensar en mapas literarios, series de novelas, flujos de traducción y diagramas de colecciones bibliográficas? En los diez ensayos reunidos en este volumen Franco Moretti reconstruye el itinerario intelectual que siguió su idea de la ""lectura distante"", desde el estudio de la evolución morfológica al análisis de datos cuantitativos. ¿Cómo funciona la teoría de la evolución para comprender el éxito o el fracaso de determinadas obras? ¿Puede el procesamiento de siete mil títulos decirnos algo sobre la novela como género? ¿Es efectiva una red de nodos para analizar el teatro de Shakespeare? Moretti se aleja de la lectura directa y utiliza mapas, series y árboles para arriesgar hipótesis sobre el sistema literario mundial. En estas páginas, sostiene: ""El término ""literatura mundial"" existe desde hace casi dos siglos, pero aún no hemos elaborado una teoría genuina del objeto al que se refiere, por muy flexible que sea su definición. No hemos reunido un conjunto de conceptos ni hemos concebido una hipótesis para organizar la inmensa cantidad de datos que constituyen la literatura mundial. No sabemos qué es la literatura mundial.",,,#nosource,,,,"Mosconi, Lilia",,,,,,,,,,,,,,,,,,,,,,,,,,,,,,,,,,,,,,,,,,,
IINJM35X,book,2018,"Vinck, Dominique",Humanidades digitales: la cultura frente a las nuevas tecnologías,,978-84-17341-10-7,,,,,2018,2025-06-24 17:08:37,2026-02-17 01:57:04,,,,,,,,Humanidades digitales,,,,,Gedisa,México,Spanish,,,,,,,,<p>OCLC: 1117760787</p>,,,#nosource,,,,,,,,,,,,,,,,,,,,,,,,,,,,,,,,,,,,,,,,,,,,,,,
FUHTRNXH,book,2004,"José Luis, Molinuevo",Humanismo y nuevas tecnologías,,84-206-4596-6,,,,,2004,2025-06-24 17:08:37,2026-02-17 01:57:04,,,,,,,,,,,,,Alianza,Madrid,Español,,,,,,,,<p>00050</p>,,,#nosource,,,,,,,,,,,,,,,,,,,,,,,,,,,,,,,,,,,,,,,,,,,,,,,
EWDUHRX3,book,2018,,Humanidades Digitales Retos Recursos y Nuevas Propuestas,,,,,,,2018,2025-06-24 17:08:37,2026-02-17 01:57:04,,,,,,,,,,,,,Agilice Digital,Valladolid,,,,,,,,,"<div class=""comment"">
<p>This book needs an abstract or excerpt, and it doesn't have a Google Books description available to use. For a customized abstract or excerpt, add a note to the item in the 
<a href=""github.com/{{github}}/{{BASE_URL}}"">Zotero library</a></p>
</div>",,,Humanidades digitales; Volumen editado,,"Álvarez Ramos, Eva; Blasco Pascual, Javier",,,,,,,,,,,,,,,,,,,,,,,,,,,,,,,,,,,,,,,,,,,,,
JK8M3A6R,book,2006,"Mora, Vicente Luis","Pangea: Internet, blogs y comunicación en un mundo nuevo",,,,,,,2006,2025-06-24 17:08:33,2026-02-17 01:57:04,,,,,,,,,,,,,Fundación José Manuel Lara,Sevilla,Spanish,,,,,,,,<p>ZSCC: 0000098</p>,,,#nosource,,,,,,,,,,,,,,,,,,,,,,,,,,,,,,,,,,,,,,,,,,,,,,,
46WQT9YS,book,2013,"Scolari, Carlos A",Narrativas Transmedia: cuando todos los medios cuentan,,978-84-234-1336-2 84-234-1336-5,,,,,2013,2025-06-24 17:08:32,2026-02-17 01:57:04,,,,,,,,Narrativas Transmedia,,,,,"Centro Libros PAPF, S.L.U.",Barcelona,Spanish,,,,,,,,<p>ZSCC: 0001824</p>,,,#nosource,,,,,,,,,,,,,,,,,,,,,,,,,,,,,,,,,,,,,,,,,,,,,,,
VTBRZF4N,book,2011,"Orihuela, José Luis",Mundo Twitter: una guía para comprender y dominar la plataforma que cambió la red,,,,,,,2011,2025-06-24 17:08:32,2026-02-17 01:57:04,,,,,,,,,,,,,Alienta,Barcelona,,,,,,,,,<p>ZSCC: 0000313</p>,,,#nosource,,,,,,,,,,,,,,,,,,,,,,,,,,,,,,,,,,,,,,,,,,,,,,,
9NE9868J,book,2002,"Lucía Megías, José Manuel",Literatura románica en Internet,,,,,,,2002,2025-06-24 17:08:32,2026-02-17 01:57:04,,,,,,,,,,,,,Castalia,Madrid,Spanish,,,,,,,,<p>ZSCC: 0000011</p>,,,#nosource,,,,,,,,,,,,,,,,,,,,,,,,,,,,,,,,,,,,,,,,,,,,,,,
85DI6JVC,book,2013,"Llosa Sanz, Álvaro",Más allá del papel. El hilo digital de la ficción impresa,,,,,http://www.academiaeditorial.com/web/wp-content/uploads/2013/11/Llosa-Hilo-digital.pdf,"Ante el despunte de los medios digitales en una cultura transformada por el hipermedia, por la inmersión en los espacios virtuales y por los nuevos hábitos sociales de lectura, el universo de la ficción que se nos ha transmitido de forma impresa comienza a replantearse su contexto pasado para hallar un espacio en el futuro. Este libro busca respuestas a una cuestión clave cuando hablamos de digitalización de obras de ficción previamente impresas: ¿es posible trasladar y de qué manera la memoria cultural del libro impreso a una memoria virtual caracterizada por el hipertexto, la inmersión audiovisual y la participación escrilectora? Si rescatamos las diversas formas de producción y recepción que rodearon la difusión de ficciones en torno a la era de la imprenta, descubriremos los hilos digitales de la ficción impresa.",2013,2025-06-24 17:08:32,2026-02-17 01:57:04,,,,,,,,,,,,,Editorial Academia del Hispanismo,Vigo,,,,,,,,,<p>ZSCC: 0000005</p>,,,#nosource,,,,,,,,,,,,,,,,,,,,,,,,,,,,,,,,,,,,,,,,,,,,,,,
UFBXRURT,book,2013,,Digital Art History. Special Issue,,,,,http://www.mindspring.com/%7Esundt-vr/toc.htm,,2013-06,2025-06-24 17:08:31,2026-02-17 01:57:04,,,,,29,,,,Visual Resources: An International Journal of Documentation,,,,"Routledge, Taylor & Francis Group",,en,,,,,,,,<p>ZSCC: 0000000[s0]</p>,,,#nosource; Arte digital,,"Baca, Murtha; Helmreich, Anne; Rodríguez Ortega, Nuria",,,,,,,,,,,,,,,,,,,,,,,,,,,,,,,,,,,,,,,,,,,,,
I247R9UW,book,2006,,Teoría del hipertexto,,,,,,,2006,2025-06-24 17:08:31,2026-02-17 01:57:04,,,,,,,,,,,,,Arcos,Madrid,Spanish,,,,,,,,<p>00014</p>,,,#nosource,,"Vilariño, Teresa; Abuin González, Ángel",,,,,,,,,,,,,,,,,,,,,,,,,,,,,,,,,,,,,,,,,,,,,
A4A94W4A,book,2015,,Creatividad Computacional,,ISBN: 978-607-744-284-4,,,,,2015,2025-06-24 17:08:31,2026-02-17 01:57:04,,,,,,,,,,,,,UAM-Cuajimalpa-Patria,,,,,,,,,,<p>ZSCC: NoCitationData[s0] Entrevista con el editor: https://www.youtube.com/watch?v=oNcdt5lhpeA</p>,,,#nosource,,"Pérez y Pérez, Rafael",,,,,,,,,,,,,,,,,,,,,,,,,,,,,,,,,,,,,,,,,,,,,
6BZ4IXUH,book,2012,"Lucía Megías, José Manuel",Elogio del texto digital. Claves para interpretar el nuevo paradigma,,,,,,,2012,2025-06-24 17:08:30,2026-02-17 01:57:04,,,,,,,,,,,,,Fórcola,,Español,,,,,,,,<p>00000</p>,,,#nosource,,,,,,,,,,,,,,,,,,,,,,,,,,,,,,,,,,,,,,,,,,,,,,,
2X2VTHI4,book,2013,"Pons, Anaclet",El desorden digital. Guía para historiadores y humanistas,,,,,,"No es sólo la historia o las humanidades, es el mundo el que está cambiando, en ocasiones de forma estimulante; en otras, de una manera que nos sobresalta. Muy pocos son los que pueden presumir de comprender esa mutación. En medio de la transformación digital, zarandeados por el remolino del cambio, la sensación de confusión y desconcierto es inevitable. Este volumen se ofrece como ayuda, como guía para comprender algunos de los fenómenos que acompañan «el desorden digital» en el que estamos inmersos: los cambios en los soportes, en la lectura, en la escritura, en el documento y el archivo mismos, en la condición y la función de autor, en los modos de colaboración y en la difusión del conocimiento. El autor nos muestra una mutación que afecta a procesos con los que captamos el mundo, que utilizamos para conocerlo, muchos de los cuales pasan inadvertidos precisamente por su obviedad, por su familiaridad, cuando lo que hacen es modificar nuestro trabajo de una manera profunda. De ahí la necesidad de sobreponerse a la confusión, al extravío, y la exigencia de pensar lo que supone ese entorno digital, de aquilatar lo que sucede a nuestro alrededor.",2013,2025-06-24 17:08:30,2026-02-17 01:57:04,,,,,,,,,,,,,Siglo XXI Editores,Madrid,,,,,,,,,"No es sólo la historia o las humanidades, es el mundo el que está cambiando, en ocasiones de forma estimulante; en otras, de una manera que nos sobresalta. Muy pocos son los que pueden presumir de comprender esa mutación. En medio de la transformación digital, zarandeados por el remolino del cambio, la sensación de confusión y desconcierto es inevitable. Este volumen se ofrece como ayuda, como guía para comprender algunos de los fenómenos que acompañan «el desorden digital» en el que estamos inmersos: los cambios en los soportes, en la lectura, en la escritura, en el documento y el archivo mismos, en la condición y la función de autor, en los modos de colaboración y en la difusión del conocimiento. El autor nos muestra una mutación que afecta a procesos con los que captamos el mundo, que utilizamos para conocerlo, muchos de los cuales pasan inadvertidos precisamente por su obviedad, por su familiaridad, cuando lo que hacen es modificar nuestro trabajo de una manera profunda. De ahí la necesidad de sobreponerse a la confusión, al extravío, y la exigencia de pensar lo que supone ese entorno digital, de aquilatar lo que sucede a nuestro alrededor.

<div class=""comment"">
<p>This description was automatically added from 
<a href=""https://books.google.com/books?id=JK8VXK7QMNAC"">Google Books</a>. 
For a customized abstract or excerpt, add a note to the item in the 
<a href=""github.com/{{github}}/{{BASE_URL}}"">Zotero library</a></p>
</div>",,,#nosource,,,,,,,,,,,,,,,,,,,,,,,,,,,,,,,,,,,,,,,,,,,,,,,
5E4K5NXI,book,1996,"Marcos Marín, Francisco",El comentario filológico con apoyo informático,,,,,,,1996,2025-06-24 17:08:30,2026-02-17 01:57:04,,,,,,,,,,,,,Síntesis,Madrid,,,,,,,,,<p>00014</p>,,,#nosource,,,,,,,,,,,,,,,,,,,,,,,,,,,,,,,,,,,,,,,,,,,,,,,
NXZ9S456,book,2016,"Pulos, Alexis","Transnational contexts of culture, gender, class, and colonialism in play: video games in East Asia",,978-3-319-43816-0,,,,,2016,2025-06-24 17:08:29,2026-02-17 01:57:04,,,,,,,,"Transnational contexts of culture, gender, class, and colonialism in play",East Asian popular culture,,,,Springer Science+Business Media,"New York, NY",,,,,,,,,<p>00000</p>,,,#nosource,,,,,,,,,,,,,,,,,,,,,,,,,,,,,,,,,,,,,,,,,,,,,,,
JJUA77DA,book,2014,,Visibilidad y divulgación de la investigación desde las Humanidades Digitales. Experiencias y proyectos,,978-84-8081-412-6,,,http://www.unav.edu/publicacion/biblioteca-aurea-digital/BIADIG-22,"El presente trabajo reúne iniciativas, proyectos y experiencias interesantes en los diferentes planos de este amplio contexto de la visibilidad y la difusión de la investigación en el ámbito de las Humanidades. En él se pone en común distintas experiencias, se comparte conocimientos y se da a conocer otras iniciativas, ya que en este campo de las Humanidades Digitales el valor ejemplarizante de los proyectos es muy importante. Así, el libro se ha organizado en cuatro áreas diferentes con su propia personalidad, pero vinculadas, como no podía ser de otro modo, entre sí: «Blogging académico, visibilidad y difusión de la investigación», «Revistas digitales», «Edición digital» y «Divulgación y Bibliotecas digitales».",2014,2025-06-24 17:08:28,2026-02-17 01:57:04,,,,,,,,,Biblioteca Áurea Digital,22,,,Servicio de Publicaciones de la Universidad de Navarra,,esp,,,,,,,,<p>00000</p>,,,#nosource; humanidades digitales; experiencias; proyectos,,"Baraibar, Alvaro",,,,,,,,,,,,,,,,,,,,,,,,,,,,,,,,,,,,,,,,,,,,,
96SH7ZFH,book,2005,"Borràs, Laura; Adell, Joan-Elies; Calefato, Patrizia; Canadell, Roger; Koskimaa, Raine; Izquierdo, Oriol; Clara Moll, Isabel; Terranova, Tiziana; Ollé, Manel; Pajares Tosca, Susana; Pinto, Rafaele; Torras, Meri; Vuillemin, Alain",Textualidades electrónicas: nuevos escenarios para la literatura,,,,,,,2005,2025-06-24 17:08:28,2026-02-17 01:57:04,,,,,,,,,,,,,Editorial UOC,Barcelona,,,,,,,,,<p>ZSCC: 0000043[s0]</p>,,,#nosource; Hipertexto; Teoría,,"Borràs, Laura",,,,,,,,,,,,,,,,,,,,,,,,,,,,,,,,,,,,,,,,,,,,,
N3WYQ8FD,book,2012,"Bunge, Mario",Filosofía para médicos,,978-84-9784-739-1,,,,,2012,2025-06-24 17:08:39,2026-02-17 01:57:04,,,,,,,,,,,,,Gedisa,Barcelona,Español,,,,,,,,"Los médicos filosofan todo el tiempo, casi siempre sin saberlo. Así adoptan: el realismo, cuando dan por descontado que sus pacientes son reales: el materialismo, cuando cortan por medio de la cirugía o recetan píldoras en vez de hacer conjuros o rezar; el sistemismo, cuando conciben y tratan el cuerpo humano como un sistema, no como un agregado de partes desconectadas entre sí. La filosofía en la medicina es un vasto territorio apenas explorado, casi desconocido por muchos médicos. En este libro se analizan ideas médicas clave y, sin embargo, muy discutidas. ¿Cómo puede ayudar o perjudicar la filosofía a la medici-na? ¿Qué es la enfermedad: cosa o proceso, natural o social? ¿Por qué suelen ser inciertos los diagnósticos médicos? ¿Tiene sentido hablar de probabilidad en medicina? ¿A qué se debe el atraso de la psiquiatría? ¿Hay pruebas de eficacia de las medicinas tradicionales, como la china y la ayurvédica? ¿Qué es la medicina: ciencia aplicada, técnica o arte? ¿Qué filosofía moral debe guiar el ejercicio de la me-dicina? A estos interrogantes y a otras cuestiones no menos controvertidas, como el ensayo clínico aleatorio, la prevención en cuanto problema médico-político, las medicinas alternativas y los delitos de la industria farmacéutica, son algunos de los temas tratados con cuidado y profundidad por el conocido físico, filósofo y epistemólogo Mario Bunge. El texto, además, ha sido revisado por investigadores biomédicos y profesionales.",,,,,,,,,,,,,,,,,,,,,,,,,,,,,,,,,,,,,,,,,,,,,,,,,,
RE79D8XN,book,1938,"Buchanan, Scott",The doctrine of Signatures: a defence of Theory in Medicine,,0-415-22566-3,,,,,1938,2025-06-24 17:08:39,2026-02-17 01:57:04,,,,,,,,,,,,,Routledge,Londres,Inglés,,,,,,,,,,,,,,,,,,,,,,,,,,,,,,,,,,,,,,,,,,,,,,,,,,,,,,,,,,
BAHKGZG4,book,2006,"Cerezo, José M.",La blogosfera hispana: pioneros de la cultura digital,,,,,http://www.fundacionorange.es/areas/25_publicaciones/la_blogosfera_hispana.pdf,,2006,2025-06-24 17:08:38,2026-02-17 01:57:04,,,,,,,,,,,,,Fundación France Telecom España,,Spanish,,,,,,,,<p>00002</p>,,,#nosource,,,,,,,,,,,,,,,,,,,,,,,,,,,,,,,,,,,,,,,,,,,,,,,
D8LNHRWF,book,2014,,Humanidades Digitales: una aproximación transdisciplinar,,,,,http://www.janusdigital.es/fa/4656756780959093003595388/anexo2janus_completo_pub.pdf,,2014,2025-06-24 17:08:27,2026-02-17 01:57:04,,,,,,,,,,,,,SIELAE,A Coruña,,,,,,,,,"The contributions gathered in this volume show how digital technologies can be applied to Medieval Studies (Philology, Art, and History) in order to improve our understanding of medieval societies and cultures.",,,#nosource,,"Baraibar, Álvaro",,,,,,,,,,,,,,,,,,,,,,,,,,,,,,,,,,,,,,,,,,,,,
SUIHZTJ7,book,2009,,Teoría y literatura artística en la sociedad digital: construcción y aplicabilidad de colecciones textuales informatizadas,,978-84-9704-462-2,,,,"Las reflexiones e investigaciones que se han volcado en las páginas de este libro se centran en un ámbito muy concreto del complejo campo de la cultura digital: el de las colecciones de textos digitales. Su objetivo es triple: en primer lugar, aportar nuevas contribuciones a los estudios sobre sociedad digital e historia del arte, especialmente en relación con el desarrollo de plataformas digitales diseñadas como sistemas de información con fines investigadores, esto es, para la producción de conocimiento; en segundo lugar, presentar los primeros resultados del proyecto Atenea-TTC, un proyecto de I+D perteneciente al Plan Nacional de Arte y Humanidades que se lleva ejecutando en distintas universidades españolas y en centros extranjeros desde el año 2006 bajo el título Desarrollo de un tesauro terminológico-conceptual (TTC) de los discursos teórico-artísticos españoles de la Edad Moderna y del corpus textual informatizado (Atenea); en tercer lugar, ofrecer un protocolo de buenas prácticas, útil para todos aquellos grupos de investigación que quieran acometer proyectos de naturaleza similar. La sociedad digital plantea nuevas exigencias que hay que tener en cuenta: estándares y metadatos, normalización terminológica, flujos de navegación, estrategias de preservación digital, visualización a través de una interfaz gráfica, necesidades de interoperabilidad… Todo un conjunto de factores que el especialista debe conocer para desarrollar proyectos artísticos digitales con garantías de éxito y perdurabilidad.",2009,2025-06-24 17:08:27,2026-02-17 01:57:04,,,,,,,,,,,,,Ediciones Trea,Gijón,Spanish,,,,,,,,<p>ZSCC: NoCitationData[s0]</p>,,,#nosource; Arte digital,,"Rodríguez Ortega, Nuria",,,,,,,,,,,,,,,,,,,,,,,,,,,,,,,,,,,,,,,,,,,,,
EDTWXXGI,book,2008,"Scolari, Carlos",Hipermediaciones. Elementos para una Teoría de la Comunicación Digital Interactiva,,,,,,,2008,2025-06-24 17:08:26,2026-02-17 01:57:04,,,,,,,,,,,,,Gedisa,Barcelona,,,,,,,,,<p>00209</p>,,,#nosource,,,,,,,,,,,,,,,,,,,,,,,,,,,,,,,,,,,,,,,,,,,,,,,
IVREBC8U,book,2004,"Scolari, Carlos",Hacer clic. Hacia una sociosemiótica de las interacciones digitales,,,,,,,2004,2025-06-24 17:08:26,2026-02-17 01:57:04,,,,,,,,,,,,,Gedisa,Barcelona,,,,,,,,,<p>00132</p>,,,#nosource,,,,,,,,,,,,,,,,,,,,,,,,,,,,,,,,,,,,,,,,,,,,,,,
Q5W5HT9Y,book,2013,,Escritorios electrónicos para las literaturas: nuevas herramientas digitales para la anotación colaborativa,,,,,http://eprints.ucm.es/23805/1/LuisPabloNu%C3%B1ez_EscritoriosElectrLiteraturas.pdf,"El volumen recoge un conjunto de estudios relativos a la interacción entre las Humanidades y las nuevas tecnologías. Llevados a cabo por profesores e investigadores de las universidades Complutense, UNED, Universidad Federal de Santa Catarina (Brasil) y Grupo Ciberimaginario-ICONO14, tratan aspectos tales como la creación de repositorios de objetos de aprendizaje, la construcción de museos virtuales, la recuperación de la información mediante agrupación en retículos y la anotación colaborativa sobre documentos digitales, especialmente literarios. Se añade una breve historia de las anotaciones, desde la Edad Media hasta nuestros días (smartphones y tabletas). El libro va dirigido a informáticos interesados en la creación de herramientas para las humanidades digitales y a filólogos que quieran introducir las TICs en la enseñanza de la literatura en el aula. Debido al Programa de Colaboración Interuniversitaria Hispano-Brasileño con cuya ayuda se ha publicado este libro, algunos de los textos que se recogen en esta obra están escritos en español y otros en portugués.",2013,2025-06-24 17:08:25,2026-02-17 01:57:04,,,,,,,,,,,,,Universidad Complutense de Madrid,Madrid,,,,,,,,,<p>00000</p>,,,#nosource,,"Pablo Núñez, Luis",,,,,,,,,,,,,,,,,,,,,,,,,,,,,,,,,,,,,,,,,,,,,
EE9VG9AX,book,2013,"Fernández Travieso, Carlota",Estudio de codificación XML/TEI para Relaciones de Sucesos españolas,,978-84-695-9041-6,,,http://www.bidiso.es/sielae/upload/estaticas/file/FTCXMLTEI1.pdf,,2013,2025-06-24 17:08:25,2026-02-17 01:57:04,,,,,,,,,,,,,SIELAE (Seminario Interdisciplinar para el Estudio de la Literatura Áurea Española),A Coruña,Spanish,,,,,,,,"<div class=""comment"">
<p>This book needs an abstract or excerpt, and it doesn't have a Google Books description available to use. For a customized abstract or excerpt, add a note to the item in the 
<a href=""github.com/{{github}}/{{BASE_URL}}"">Zotero library</a></p>
</div>",,,#nosource; TEI; XML; Relaciones de sucesos; Historia del periodismo; SIELAE,,,,,,,,,,,,,,,,,,,,,,,,,,,,,,,,,,,,,,,,,,,,,,,
H6T5ULNN,book,2015,,"Textos, pixeles y bits. Reflexiones sobre la publicación digital",,,,,http://www.iib.unam.mx/index.php/publicaciones?start=3,"Este libro, publicado en formato digital ―utilizando, precisamente, los nuevos formatos de edición―, es una excelente muestra del análisis sobre los retos actuales que enfrenta la producción editorial en el cada vez más acelerado campo tecnológico. El uso de las redes sociales y la llamada Web 2.0 han permitido la publicación, por los mismos usuarios, de una enorme cantidad de material digital, como novelas electrónicas, fotografías, ilustraciones y blogs, lo cual ha generado otros tipos de difusión de las distintas formas del saber. Atendiendo estas premisas, los estudios que componen la presente obra buscan responder ―de acuerdo con las palabras de Isabel Galina Russell, coordinadora del volumen― a los siguientes puntos: problematización y definición de publicación digital en el contexto del resguardo de patrimonio bibliográfico; uso de la digitalización para apoyar las tareas de preservación y difusión de materiales históricos; desarrollo de nuevos tipos de publicaciones, en particular las aplicaciones literarias para iPad; reflexión acerca de los retos y dificultades para la preservación de documentación personal digital; relación entre oralidad y escritura en el texto digital y el papel del archivo sonoro; derechos de autor y discusión relativa al deliberado balance entre los controles para la protección de la propiedad intelectual y la importancia del conocimiento abierto y el bien común. En definitiva, los textos aquí reunidos, los cuales conforman una visión plural y multidisciplinaria, ponen sobre la mesa una temática tan interesante como necesaria.",2015,2025-06-24 17:08:25,2026-02-17 01:57:04,,,,,,,,,,,,,,,es,,,,,,,,<p>00000</p>,,,#nosource; Publicación digital,,"Galina Russell, Isabel",,,,,,,,,,,,,,,,,,,,,,,,,,,,,,,,,,,,,,,,,,,,,
P69FTSV6,book,2017,,Sustainable surfing,,978-1-138-93075-9,,,,,2017,2025-06-24 17:08:25,2026-02-17 01:57:04,,,,,,,,,,,,,Routledge,"Abingdon, Oxon ; New York, NY",,,,,,,,,"<p>00000</p>; <p>Sustainability and surfing in a risk society / Gregory Borne – Resource system boundaries, ecosystems, management, stakeholders / Steve Martin and Danny O&apos;Obrien – Technology, industry , and sustainability – The technological epoch of surfing, its implications and impacts and the potential for sustainability to theme the next epoch / Leon Mach – Towards more sustainable business practices in surf industry clusters / Anna Gerke – Surfboard manufacturing technologies / Chris Gibson &amp; Andy Warren – Surfing voices in coastal management : Gold Coast surf management plan / Dan Ware, Neil Lazarow and Rob Hales – International surfing activism / Rob Hales, Neil Lazarow and Dan Ware – Hedonic pricing and strategies for ensuring local value from surf driven coastal exploitation / Jason Scorse – Localism and opportunity or barrier to achieving sustainability / Lindsay Usher – Wilderness surfing experiences, development responses / Mark Orams – Surfing spaces / Jon Anderson – Culture, meaning and sustainability in surfing / Neil Lazarow and Rebecca Olive – Nirvanification in the age of simulated surfing environments / Jess Ponting – Sustainability and surfing : themes and synergies, future directions / Gregory Borne</p>",,,Economic aspects; Environmental aspects; Sustainability; #nosource; Environmental sustainability; Surfing,,"Borne, Gregory; Ponting, Jess",,,,,,,,,,,,,,,,,,,,,,,,,,,,,,,,,,,,,,,,,,,,,
RMTAG52V,book,2017,,"Los hijos de los dioses: El ""Grupo Filosófico Hiperión"" y la filosofía de lo mexicano",,,,,https://www.scribd.com/book/336319450/Los-hijos-de-los-dioses-El-Grupo-Filosofico-Hiperion-y-la-filosofia-de-lo-mexicano,"Descubrir qué es lo mexicano, cuáles son los rasgos que mejor describen el ser nacional, las particularidades de su cultura y su devenir histórico, ha sido una vieja obsesión que ha ocupado a numerosos intelectuales, científicos sociales, artistas y hombres de letras de México desde, por lo menos, finales del siglo XIX. Hacia mediados del siglo pasado, un grupo de jóvenes universitarios –filósofos en su mayoría–, se propusieron actualizar las búsquedas sobre la identidad nacional haciendo uso de un inusitado arsenal teórico. El presente libro explora las representaciones identitarias formuladas por estos intelectuales, quienes dieron en llamarse Grupo filosófico Hiperión. Las propuestas y tesis que englobaron bajo el nombre de ""filosofía de lo mexicano"" o ""filosofía de la mexicanidad"" son examinadas aquí bajo la lupa de las distintas tramas que dieron sustento, significado y proyección a sus planteamientos sobre lo mexicano.",2017-11,2025-06-24 17:08:25,2026-02-17 01:57:04,2017-11-23,,,,,,,Los hijos de los dioses,,,,,,,,,,,,,,,<p>00000</p>,,,,,,,,,,,,,,,,,,,,,,,,,,,,,,,,,,,,,,,,,,,,,,,,,,
FAICKKE6,book,2014,"Marqués, María Pérez",Minería de Datos a través de ejemplos,,978-84-941801-4-9,,,,Rare book,2014-03,2025-06-24 17:08:25,2026-02-17 01:57:04,,,,,,,,,,,,,RC Libros,Madrid,Spanish,,,,,,,,<p>00036</p>,,,,,,,,,,,,,,,,,,,,,,,,"1ªed., 1ª imp edition",,,,,,,,,,,,,,,,,,,,,,,,,,
FSXR8HMS,book,2019,"Fry, Hannah",Hola mundo: cómo seguir siendo humanos en la era de los algoritmos,,978-84-17552-41-1,,,,,2019,2025-06-24 17:08:25,2026-02-17 01:57:04,,,,,,,,Hola mundo,,,,,,,Traducció de: Hello world : being human in the age of algorithms,,,,,,,,<p>00000 OCLC: 1139473619</p>,,,#nosource,,,,"Ramos, Francisco",,,,,,,,,,,,,,,,,,,,,,,,,,,,,,,,,,,,,,,,,,,
W5AZQMRH,book,1997,"Irizarry, Estelle",Informática y literatura: análisis de textos hispánicos,,978-84-922335-6-4,,,,,1997,2025-06-24 17:08:24,2026-02-17 01:57:04,,,,,,,,Informática y literatura,,,,,Anthropos Editorial,,es,,,,,,,,<p>00006</p>,,,,,,,,,,,,,,,,,,,,,,,,,,,,,,,,,,,,,,,,,,,,,,,,,,
L42LZW2K,book,2015,"del Río Riande, Gimena; Cantamutto, Lucía; Striker, Gabriela","Las Humanidades Digitales desde Argentina: Tecnologías, culturas, saberes",,978-987-3617-89-8,,,https://libros.unlp.edu.ar/index.php/unlp/catalog/book/542,,2015,2025-06-24 17:08:23,2026-02-17 01:57:04,2019-10-14,,,,,,,,,,,,"Editorial de la Facultad de Filosofía y Letras Universidad de Buenos Aires,",Buenos Aires,Español,,,,,,,,"Fil: del Rio Riande, Gimena. Universidad de Buenos Aires; Argentina.

<div class=""comment"">
<p>This description was automatically added from 
<a href=""https://books.google.com/books?id=JK8VXK7QMNAC"">Google Books</a>. 
For a customized abstract or excerpt, add a note to the item in the 
<a href=""github.com/{{github}}/{{BASE_URL}}"">Zotero library</a></p>
</div>",,,#nosource,,,,,,,,,,,,,,,,,,,,,1a. edición,,,,,,,,,,,,,,,,,,,,,,,,,,
5CXNKBFU,book,2018,"González, Déborah; Bermúdez, Sabel Helena","Humanidades Digitales, Miradas hacia la Edad Media",,978-3-11-058541-4,,10.1515/9783110585421,https://www.degruyter.com/viewbooktoc/product/499554?fbclid=IwAR3gtJIDBrwynIDBb5XvkZ3Jyux-JESs2D_2SHqLHBHzEOkjy1M0vK_R0RA,,2018,2025-06-24 17:08:23,2026-02-17 01:57:04,2020-01-13,,,,,,,,,,,,De Gruyter,"Berlin, Boston",SPAN,,,,,,,,"The contributions gathered in this volume show how digital technologies can be applied to Medieval Studies (Philology, Art, and History) in order to improve our understanding of medieval societies and cultures.

<div class=""comment"">
<p>This description was automatically added from 
<a href=""https://books.google.com/books?id=JK8VXK7QMNAC"">Google Books</a>. 
For a customized abstract or excerpt, add a note to the item in the 
<a href=""github.com/{{github}}/{{BASE_URL}}"">Zotero library</a></p>
</div>",,,#nosource,,,,,,,,,,,,,,,,,,,,,,,,,,,,,,,,,,,,,,,,,,,,,,,
QBH3KTNR,book,2013,"Dougherty, Jack; Nawrotzki, Kristen",Writing History in the Digital Age,,978-0-472-02991-4,,,https://muse.jhu.edu/book/27633,"Writing History in the Digital Age began as a “what-if” experiment by posing a question: How have Internet technologies influenced how historians think, teach, author, and publish? To illustrate their answer, the contributors agreed to share the stages of their book-in-progress as it was constructed on the public web. To facilitate this innovative volume, editors Jack Dougherty and Kristen Nawrotzki designed a born-digital, open-access, and open peer review process to capture commentary from appointed experts and general readers. A customized WordPress plug-in allowed audiences to add page- and paragraph-level comments to the manuscript, transforming it into a socially networked text. The initial six-week proposal phase generated over 250 comments, and the subsequent eight-week public review of full drafts drew 942 additional comments from readers across different parts of the globe. The finished product now presents 20 essays from a wide array of notable scholars, each examining (and then breaking apart and reexamining) if and how digital and emergent technologies have changed the historical profession.",2013,2025-06-24 17:08:23,2026-02-17 01:57:04,2018-04-11,,,,,,,,,,,,University of Michigan Press,,English,,,,,,,,<p>00059</p>,,,#nosource,,,,,,,,,,,,,,,,,,,,,,,,,,,,,,,,,,,,,,,,,,,,,,,
M3NQ5583,book,2013,"Kelly, T. Mills",Teaching History in the Digital Age,,978-0-472-02913-6,,,https://muse.jhu.edu/book/22708,"Although many humanities scholars have been talking and writing about the transition to the digital age for more than a decade, only in the last few years have we seen a convergence of the factors that make this transition possible: the spread of sufficient infrastructure on campuses, the creation of truly massive databases of humanities content, and a generation of students that has never known a world without easy Internet access. Teaching History in the Digital Age serves as a guide for practitioners on how to fruitfully employ the transformative changes of digital media in the research, writing, and teaching of history. T. Mills Kelly synthesizes more than two decades of research in digital history, offering practical advice on how to make best use of the results of this synthesis in the classroom and new ways of thinking about pedagogy in the digital humanities.",2013,2025-06-24 17:08:23,2026-02-17 01:57:04,2018-04-11,,,,,,,,,,,,University of Michigan Press,,English,,,,,,,,<p>QID: Q60186757</p>,,,#nosource,,,,,,,,,,,,,,,,,,,,,,,,,,,,,,,,,,,,,,,,,,,,,,,
XUPJP8JL,book,2014,"Lupton, Deborah",Digital Sociology,,978-1-138-02276-8,,,http://gen.lib.rus.ec/book/index.php?md5=847c18ddca31ebb8bfb600cce3405975,,2014,2025-06-24 17:08:23,2026-02-17 01:57:04,2018-08-19,,,,,,,,,,,,Routledge,Londres & New York,,,,,,,,,<p>QID: Q96705951</p>,,,#nosource,,,,,,,,,,,,,,,,,,,,,,,,,,,,,,,,,,,,,,,,,,,,,,,
7U9UUZD4,book,2018,"Salamanca López, Manuel Joaquín",Entornos Digitales: Humanidades y Ciencias Sociales en la Universidad Complutense de Madrid.,,978-607-98364-0-5,,,,,2018,2025-06-24 17:08:23,2026-02-17 01:57:04,,,,,,,,,,,,,Red de Humanidades Digitales,Ciudad de México,Español,,,,,,,,<p>00000</p>,,,#nosource,,"Romero López, María Dolores",,,,,,,,,,,,,,,,,,,,,,,,,,,,,,,,,,,,,,,,,,,,,
ZG9B26QI,book,2003,"Vega, María José",Literatura hipertextual y teoría literaria,,,,,http://cv.uoc.edu/~04_999_01_u07/vega1.html,,2003,2025-06-24 17:08:22,2026-02-17 01:57:04,,,,,,,,,,,,,Marenostrum comunicación,Madrid,Spanish,,,,,,,,<p>00029</p>; <p>The following values have no corresponding Zotero field:JF - Aura Digital. Estudis de cibercultura hipertextual</p>,,,#nosource; Hipertexto; Teoría,,,,,,,,,,,,,,,,,,,,,,,,,,,,,,,,,,,,,,,,,,,,,,,
NIQLRII2,book,2012,"Bunge, Mario",Filosofía para médicos,,978-84-9784-739-1,,,,,2012,2025-06-24 18:35:59,2026-02-17 01:57:04,,,,,,,,,,,,,Gedisa,Barcelona,Español,,,,,,,,"Los médicos filosofan todo el tiempo, casi siempre sin saberlo. Así adoptan: el realismo, cuando dan por descontado que sus pacientes son reales: el materialismo, cuando cortan por medio de la cirugía o recetan píldoras en vez de hacer conjuros o rezar; el sistemismo, cuando conciben y tratan el cuerpo humano como un sistema, no como un agregado de partes desconectadas entre sí. La filosofía en la medicina es un vasto territorio apenas explorado, casi desconocido por muchos médicos. En este libro se analizan ideas médicas clave y, sin embargo, muy discutidas. ¿Cómo puede ayudar o perjudicar la filosofía a la medici-na? ¿Qué es la enfermedad: cosa o proceso, natural o social? ¿Por qué suelen ser inciertos los diagnósticos médicos? ¿Tiene sentido hablar de probabilidad en medicina? ¿A qué se debe el atraso de la psiquiatría? ¿Hay pruebas de eficacia de las medicinas tradicionales, como la china y la ayurvédica? ¿Qué es la medicina: ciencia aplicada, técnica o arte? ¿Qué filosofía moral debe guiar el ejercicio de la me-dicina? A estos interrogantes y a otras cuestiones no menos controvertidas, como el ensayo clínico aleatorio, la prevención en cuanto problema médico-político, las medicinas alternativas y los delitos de la industria farmacéutica, son algunos de los temas tratados con cuidado y profundidad por el conocido físico, filósofo y epistemólogo Mario Bunge. El texto, además, ha sido revisado por investigadores biomédicos y profesionales.",,,,,,,,,,,,,,,,,,,,,,,,,,,,,,,,,,,,,,,,,,,,,,,,,,
IF2P6ZDC,book,1938,"Buchanan, Scott",The doctrine of Signatures: a defence of Theory in Medicine,,0-415-22566-3,,,,,1938,2025-06-24 18:35:59,2026-02-17 01:57:04,,,,,,,,,,,,,Routledge,Londres,Inglés,,,,,,,,,,,,,,,,,,,,,,,,,,,,,,,,,,,,,,,,,,,,,,,,,,,,,,,,,,
KTI23PEB,book,2006,"Cerezo, José M.",La blogosfera hispana: pioneros de la cultura digital,,,,,http://www.fundacionorange.es/areas/25_publicaciones/la_blogosfera_hispana.pdf,,2006,2025-06-24 18:35:59,2026-02-17 01:57:04,,,,,,,,,,,,,Fundación France Telecom España,,Spanish,,,,,,,,<p>00002</p>,,,#nosource,,,,,,,,,,,,,,,,,,,,,,,,,,,,,,,,,,,,,,,,,,,,,,,
95FY324X,book,2001,"Millán, José Antonio",Internet y el español,,84-931542-7-X,,,,,2001,2025-06-24 18:35:59,2026-02-17 01:57:04,,,,,,,,,Biblioteca Fundación Retevisión,,,,Fundación Retevisión,Madrid,Spanish,,,,,,,,<p>00056</p>,,,#nosource,,,,,,,,,,,,,,,,,,,,,,,,,,,,,,,,,,,,,,,,,,,,,,,
BQL784A7,book,1994,"Marcos Marín, Francisco",Informática y Humanidades,,,,,,,1994,2025-06-24 18:35:59,2026-02-17 01:57:04,,,,,,,,,,,,,Gredos,Madrid,Spanish,,,,,,,,<p>00056</p>,,,#nosource; TEI; SGML; ADMYTE; Libro de Alexandre; PhiloBiblon; TACT; TUSTEP; UNITE,,,,,,,,,,,,,,,,,,,,,,,,,,,,,,,,,,,,,,,,,,,,,,,
T8AXBGJH,book,2004,"José Luis, Molinuevo",Humanismo y nuevas tecnologías,,84-206-4596-6,,,,,2004,2025-06-24 18:35:59,2026-02-17 01:57:04,,,,,,,,,,,,,Alianza,Madrid,Español,,,,,,,,<p>00050</p>,,,#nosource,,,,,,,,,,,,,,,,,,,,,,,,,,,,,,,,,,,,,,,,,,,,,,,
LMMBWHPQ,book,2015,"Moretti, Franco",Lectura distante,,978-987-719-090-8,,,,,2015,2025-06-24 18:35:59,2026-02-17 01:57:04,,,,,,,,,,,,,Fondo de Cultura Económica,Buenos Aires,,,,,,,,,"¿Por qué un historiador de la literatura llega a pensar en mapas literarios, series de novelas, flujos de traducción y diagramas de colecciones bibliográficas? En los diez ensayos reunidos en este volumen Franco Moretti reconstruye el itinerario intelectual que siguió su idea de la ""lectura distante"", desde el estudio de la evolución morfológica al análisis de datos cuantitativos. ¿Cómo funciona la teoría de la evolución para comprender el éxito o el fracaso de determinadas obras? ¿Puede el procesamiento de siete mil títulos decirnos algo sobre la novela como género? ¿Es efectiva una red de nodos para analizar el teatro de Shakespeare? Moretti se aleja de la lectura directa y utiliza mapas, series y árboles para arriesgar hipótesis sobre el sistema literario mundial. En estas páginas, sostiene: ""El término ""literatura mundial"" existe desde hace casi dos siglos, pero aún no hemos elaborado una teoría genuina del objeto al que se refiere, por muy flexible que sea su definición. No hemos reunido un conjunto de conceptos ni hemos concebido una hipótesis para organizar la inmensa cantidad de datos que constituyen la literatura mundial. No sabemos qué es la literatura mundial.",,,#nosource,,,,"Mosconi, Lilia",,,,,,,,,,,,,,,,,,,,,,,,,,,,,,,,,,,,,,,,,,,
4EPKFWS2,book,2018,"Vinck, Dominique",Humanidades digitales: la cultura frente a las nuevas tecnologías,,978-84-17341-10-7,,,,,2018,2025-06-24 18:35:59,2026-02-17 01:57:04,,,,,,,,Humanidades digitales,,,,,Gedisa,México,Spanish,,,,,,,,<p>OCLC: 1117760787</p>,,,#nosource,,,,,,,,,,,,,,,,,,,,,,,,,,,,,,,,,,,,,,,,,,,,,,,
L5CZHEV2,book,2018,,Humanidades Digitales Retos Recursos y Nuevas Propuestas,,,,,,,2018,2025-06-24 18:35:58,2026-02-17 01:57:04,,,,,,,,,,,,,Agilice Digital,Valladolid,,,,,,,,,"<div class=""comment"">
<p>This book needs an abstract or excerpt, and it doesn't have a Google Books description available to use. For a customized abstract or excerpt, add a note to the item in the 
<a href=""github.com/{{github}}/{{BASE_URL}}"">Zotero library</a></p>
</div>",,,Humanidades digitales; Volumen editado,,"Álvarez Ramos, Eva; Blasco Pascual, Javier",,,,,,,,,,,,,,,,,,,,,,,,,,,,,,,,,,,,,,,,,,,,,
WXFQXIHG,book,2006,"Mora, Vicente Luis","Pangea: Internet, blogs y comunicación en un mundo nuevo",,,,,,,2006,2025-06-24 18:35:57,2026-02-17 01:57:04,,,,,,,,,,,,,Fundación José Manuel Lara,Sevilla,Spanish,,,,,,,,<p>ZSCC: 0000098</p>,,,#nosource,,,,,,,,,,,,,,,,,,,,,,,,,,,,,,,,,,,,,,,,,,,,,,,
7FRYVZAA,book,2013,"Scolari, Carlos A",Narrativas Transmedia: cuando todos los medios cuentan,,978-84-234-1336-2 84-234-1336-5,,,,,2013,2025-06-24 18:35:57,2026-02-17 01:57:04,,,,,,,,Narrativas Transmedia,,,,,"Centro Libros PAPF, S.L.U.",Barcelona,Spanish,,,,,,,,<p>ZSCC: 0001824</p>,,,#nosource,,,,,,,,,,,,,,,,,,,,,,,,,,,,,,,,,,,,,,,,,,,,,,,
297IMBZ2,book,2011,"Orihuela, José Luis",Mundo Twitter: una guía para comprender y dominar la plataforma que cambió la red,,,,,,,2011,2025-06-24 18:35:57,2026-02-17 01:57:04,,,,,,,,,,,,,Alienta,Barcelona,,,,,,,,,<p>ZSCC: 0000313</p>,,,#nosource,,,,,,,,,,,,,,,,,,,,,,,,,,,,,,,,,,,,,,,,,,,,,,,
5RVEVAUH,book,2002,"Lucía Megías, José Manuel",Literatura románica en Internet,,,,,,,2002,2025-06-24 18:35:57,2026-02-17 01:57:04,,,,,,,,,,,,,Castalia,Madrid,Spanish,,,,,,,,<p>ZSCC: 0000011</p>,,,#nosource,,,,,,,,,,,,,,,,,,,,,,,,,,,,,,,,,,,,,,,,,,,,,,,
FV4IMJWU,book,2013,"Llosa Sanz, Álvaro",Más allá del papel. El hilo digital de la ficción impresa,,,,,http://www.academiaeditorial.com/web/wp-content/uploads/2013/11/Llosa-Hilo-digital.pdf,"Ante el despunte de los medios digitales en una cultura transformada por el hipermedia, por la inmersión en los espacios virtuales y por los nuevos hábitos sociales de lectura, el universo de la ficción que se nos ha transmitido de forma impresa comienza a replantearse su contexto pasado para hallar un espacio en el futuro. Este libro busca respuestas a una cuestión clave cuando hablamos de digitalización de obras de ficción previamente impresas: ¿es posible trasladar y de qué manera la memoria cultural del libro impreso a una memoria virtual caracterizada por el hipertexto, la inmersión audiovisual y la participación escrilectora? Si rescatamos las diversas formas de producción y recepción que rodearon la difusión de ficciones en torno a la era de la imprenta, descubriremos los hilos digitales de la ficción impresa.",2013,2025-06-24 18:35:57,2026-02-17 01:57:04,,,,,,,,,,,,,Editorial Academia del Hispanismo,Vigo,,,,,,,,,<p>ZSCC: 0000005</p>,,,#nosource,,,,,,,,,,,,,,,,,,,,,,,,,,,,,,,,,,,,,,,,,,,,,,,
SIEY76DJ,book,2006,,Teoría del hipertexto,,,,,,,2006,2025-06-24 18:35:56,2026-02-17 01:57:04,,,,,,,,,,,,,Arcos,Madrid,Spanish,,,,,,,,<p>00014</p>,,,#nosource,,"Vilariño, Teresa; Abuin González, Ángel",,,,,,,,,,,,,,,,,,,,,,,,,,,,,,,,,,,,,,,,,,,,,
8M2WAD2H,book,2013,,Digital Art History. Special Issue,,,,,http://www.mindspring.com/%7Esundt-vr/toc.htm,,2013-06,2025-06-24 18:35:56,2026-02-17 01:57:04,,,,,29,,,,Visual Resources: An International Journal of Documentation,,,,"Routledge, Taylor & Francis Group",,en,,,,,,,,<p>ZSCC: 0000000[s0]</p>,,,#nosource; Arte digital,,"Baca, Murtha; Helmreich, Anne; Rodríguez Ortega, Nuria",,,,,,,,,,,,,,,,,,,,,,,,,,,,,,,,,,,,,,,,,,,,,
Y5FPWBUJ,book,2015,,Creatividad Computacional,,ISBN: 978-607-744-284-4,,,,,2015,2025-06-24 18:35:56,2026-02-17 01:57:04,,,,,,,,,,,,,UAM-Cuajimalpa-Patria,,,,,,,,,,<p>ZSCC: NoCitationData[s0] Entrevista con el editor: https://www.youtube.com/watch?v=oNcdt5lhpeA</p>,,,#nosource,,"Pérez y Pérez, Rafael",,,,,,,,,,,,,,,,,,,,,,,,,,,,,,,,,,,,,,,,,,,,,
LSVRT8ED,book,2012,"Lucía Megías, José Manuel",Elogio del texto digital. Claves para interpretar el nuevo paradigma,,,,,,,2012,2025-06-24 18:35:56,2026-02-17 01:57:04,,,,,,,,,,,,,Fórcola,,Español,,,,,,,,<p>00000</p>,,,#nosource,,,,,,,,,,,,,,,,,,,,,,,,,,,,,,,,,,,,,,,,,,,,,,,
5HZHDSCS,book,2013,"Pons, Anaclet",El desorden digital. Guía para historiadores y humanistas,,,,,,"No es sólo la historia o las humanidades, es el mundo el que está cambiando, en ocasiones de forma estimulante; en otras, de una manera que nos sobresalta. Muy pocos son los que pueden presumir de comprender esa mutación. En medio de la transformación digital, zarandeados por el remolino del cambio, la sensación de confusión y desconcierto es inevitable. Este volumen se ofrece como ayuda, como guía para comprender algunos de los fenómenos que acompañan «el desorden digital» en el que estamos inmersos: los cambios en los soportes, en la lectura, en la escritura, en el documento y el archivo mismos, en la condición y la función de autor, en los modos de colaboración y en la difusión del conocimiento. El autor nos muestra una mutación que afecta a procesos con los que captamos el mundo, que utilizamos para conocerlo, muchos de los cuales pasan inadvertidos precisamente por su obviedad, por su familiaridad, cuando lo que hacen es modificar nuestro trabajo de una manera profunda. De ahí la necesidad de sobreponerse a la confusión, al extravío, y la exigencia de pensar lo que supone ese entorno digital, de aquilatar lo que sucede a nuestro alrededor.",2013,2025-06-24 18:35:56,2026-02-17 01:57:04,,,,,,,,,,,,,Siglo XXI Editores,Madrid,,,,,,,,,"No es sólo la historia o las humanidades, es el mundo el que está cambiando, en ocasiones de forma estimulante; en otras, de una manera que nos sobresalta. Muy pocos son los que pueden presumir de comprender esa mutación. En medio de la transformación digital, zarandeados por el remolino del cambio, la sensación de confusión y desconcierto es inevitable. Este volumen se ofrece como ayuda, como guía para comprender algunos de los fenómenos que acompañan «el desorden digital» en el que estamos inmersos: los cambios en los soportes, en la lectura, en la escritura, en el documento y el archivo mismos, en la condición y la función de autor, en los modos de colaboración y en la difusión del conocimiento. El autor nos muestra una mutación que afecta a procesos con los que captamos el mundo, que utilizamos para conocerlo, muchos de los cuales pasan inadvertidos precisamente por su obviedad, por su familiaridad, cuando lo que hacen es modificar nuestro trabajo de una manera profunda. De ahí la necesidad de sobreponerse a la confusión, al extravío, y la exigencia de pensar lo que supone ese entorno digital, de aquilatar lo que sucede a nuestro alrededor.

<div class=""comment"">
<p>This description was automatically added from 
<a href=""https://books.google.com/books?id=JK8VXK7QMNAC"">Google Books</a>. 
For a customized abstract or excerpt, add a note to the item in the 
<a href=""github.com/{{github}}/{{BASE_URL}}"">Zotero library</a></p>
</div>",,,#nosource,,,,,,,,,,,,,,,,,,,,,,,,,,,,,,,,,,,,,,,,,,,,,,,
9UT66HHV,book,1996,"Marcos Marín, Francisco",El comentario filológico con apoyo informático,,,,,,,1996,2025-06-24 18:35:56,2026-02-17 01:57:04,,,,,,,,,,,,,Síntesis,Madrid,,,,,,,,,<p>00014</p>,,,#nosource,,,,,,,,,,,,,,,,,,,,,,,,,,,,,,,,,,,,,,,,,,,,,,,
VXUYT2Z9,book,2019,"Clivaz, C.","Ecritures digitales. Digital Writing, Digital Scriptures",,978-90-04-40256-0,,,https://doi.org/10.1163/9789004402560_002,,2019,2025-06-24 18:35:53,2026-02-17 01:57:04,,,,,1,,,,Digital Biblical Studies,4,,,Brill,Leiden - Boston,"Français, English",,,,,,,,<p>ZSCC: 0000006 </p>,,,#nosource,,,,,,,,,,,,,,,,,,,,,1ª,,,,,,,,,,,,,,,,,,,,,,,,,,
9J9CDIM4,book,2019,,Digital Classical Philology. Ancient Greek and Latin in the Digital Revolution,,978-3-11-059678-6 978-3-11-059957-2,,,,,2019,2025-06-24 18:35:52,2026-02-17 01:57:04,,,,,1,,,,Age of Access? Grundfragen der Informationsgesellschaft,10,,,Walter de Gruyter GmbH,Berlin - Boston,English,,,,,,,,<p>ZSCC: 0000017 </p>,,,#nosource,,"Berti, M.",,,,,,,,,,,,,,,,,,,1ª,,,,,,,,,,,,,,,,,,,,,,,,,,
FQG6WVX2,book,2018,,Humanidades Digitales: Construcciones locales en contextos globales. Actas del I Congreso Internacional de la Asociación Argentina de Humanidades Digitales - AAHD,,978-987-4019-97-4,,,,,2018,2025-06-24 18:35:52,2026-02-17 01:57:04,,,,,1,,,,,,,,Universidad de Buenos Aires. Editorial de la Facultad de Filosofía y Letras,Buenos Aires,Español,,,,,,,,<p>ZSCC: NoCitationData[s0] </p>,,,#nosource,,"Río Riande, G. del; Calarco, G.; Striker, G.; León, R. de",,,,,,,,,,,,,,,,,,,1ª,,,,,,,,,,,,,,,,,,,,,,,,,,
J3UCXL3D,book,2018,,"Literatura en el laboratorio. Canon, archivo y crítica literaria en la era digital",,,,,"https://www.gedisa.com/ficha.aspx?idcol=240&cod=240018&titulo=Literatura-en-el-laboratorio&aut=Moretti,%20Franco#.YQg4k-3tbe1",,2018,2025-06-24 18:35:51,2026-02-17 01:57:04,,,,,,,,,,,,,Gedisa,Barcelona,es,,,,,,,,"Is it possible for a computer program to identify literary genres as well as human reasoning, to completely sequence a set of novels in order to trace the peculiarity of the stylistic phenomenon? The research of Franco Moretti and his team, the Stanford Literary Lab founded in 2010, has confirmed it: we can use computational systems to analyze in detail the genres of the novel, look for patterns in the arrangement of the most frequent words and scrutinize the interconnected layers of meaning. But undoubtedly one of the most important novelties to emerge from the digitization of literary studies is the ability to map the vast and unexplored continent of literature (The Great Unread): «We used to work with a couple of hundred nineteenth-century novels, but now we can analyze thousands or tens of thousands and soon hundreds of thousands; it is as if, suddenly, we have a telescope with which we can observe unknown galaxies». In this exploratory journey into the «narrative genome», Literature in the Laboratory succeeds in spreading the passion of a rigorous research process that, not without its difficulties, opens revolutionary doors for literary studies.

<div class=""comment"">
<p>This description was automatically added from 
<a href=""https://books.google.com/books?id=JK8VXK7QMNAC"">Google Books</a>. 
For a customized abstract or excerpt, add a note to the item in the 
<a href=""github.com/{{github}}/{{BASE_URL}}"">Zotero library</a></p>
</div>",,,#nosource,,"Moretti, Franco",,"Rojas Castro, Antonio",,,,,,,,,,,,,,,,,,,,,,,,,,,,,,,,,,,,,,,,,,,
T8GE59KI,book,2013,,Imágenes de la tecnología y la globalización en las literaturas hispánicas,,,,,http://www.ibero-americana.net/cgi-bin/infodetail.cgi?doknr=521750&lang=es&txt=einleitung,"Imágenes de la tecnología y la globalización en las literaturas hispánicas / Jesús Montoya Juárez, Ángel Esteban del Campo (eds.) recoge una serie de estudios donde se reflexiona sobre las conexiones de la literatura con las nuevas tecnología y los medios de comunicación. Compuesta por ensayos de especialistas como Jorge Carrión, Francisca Noguerol, Daniel Mesa Gancedo o Doménico Chiappe, entre otros, se abordan algunas pautas sobre la última narrativa en español, los textos en la nueva identidad digital y el hibridismo tecnológico en la literatura hispánica actual.",2013,2025-06-24 18:35:51,2026-02-17 01:57:04,,,,,,,,,,,,,Iberoamericana - Vervuert,Madrid - Frankfurt,,,,,,,,,<p>00000</p>,,,#nosource,,"Montoya Juárez, Jesús; Esteban del Campo, Ángel",,,,,,,,,,,,,,,,,,,,,,,,,,,,,,,,,,,,,,,,,,,,,
7E7AI8JC,book,2008,,Literaturas del texto al hipermedia,,978-84-7658-888-8 84-7658-888-7,,,,,2008,2025-06-24 18:35:51,2026-02-17 01:57:04,,,,,,,,,,,,,Anthropos,Rubí,Spanish,,,,,,,,<p>00006</p>,,,#nosource,,"Romero López, Dolores; Sanz Cabrerizo, Ángeles",,,,,,,,,,,,,,,,,,,,,,,,,,,,,,,,,,,,,,,,,,,,,
H9AA57ST,book,2008,"Pardo Salgado, Carmen",Las TIC: una reflexión filosófica,,,,,,"La razón técnica se encarna hoy en las Tecnologías de la Información y la Comunicación y en sus efectos en la transformación de la producción y transmisión del saber. Con ella se insta a sustituir -en las sociedades postindustriales-, a la antigua mano de obra por un nuevo capital humano fundado en el conocimiento. En el ca mino hacia esta sociedad cohabitan los antiguos discursos ilustrados junto a la exigencia de una formación permanente que hace del conocimiento un valor de cambio. En esta situación y alejándonos tanto de un discurso que demoniza la técnica como de los discursos complacientes que hacen de ella la panacea para todos los males, interrogamos de nuevo nuestra relación con la técnica y sus nexos con el sistema económico, político y social en el que se encuentra.",2008,2025-06-24 18:35:51,2026-02-17 01:57:04,,,,,,,,,,,,,Laertes,Barcelona,,,,,,,,,,,,#nosource,,,,,,,,,,,,,,,,,,,,,,,,,,,,,,,,,,,,,,,,,,,,,,,
MUICYX2I,book,1998,"Moreno Hernández, Carlos",Literatura e hipertexto: de la cultura manuscrita a la cultura electrónica,,84-362-3683-1 978-84-362-3683-5,,,,,1998,2025-06-24 18:35:51,2026-02-17 01:57:04,,,,,,,,Literatura e hipertexto,,,,,Universidad Nacional de Educación a Distancia,Madrid,Spanish,,,,,,,,<p>00031</p>,,,#nosource,,,,,,,,,,,,,,,,,,,,,,,,,,,,,,,,,,,,,,,,,,,,,,,
IFCYYWC8,book,2004,"Pajares Tosca, Susana",Literatura digital: el paradigma hipertextual,,,,,,,2004,2025-06-24 18:35:51,2026-02-17 01:57:04,,,,,,,,,,,,,Universidad de Extremadura,Cáceres,,,,,,,,,<p>00041</p>,,,#nosource; Hipertexto; Teoría,,,,,,,,,,,,,,,,,,,,,,,,,,,,,,,,,,,,,,,,,,,,,,,
KYP232EJ,book,2015,"Pérez López, Mª Ángeles; Sánchez Aparicio, Vega",Letras y bytes. Escrituras y nuevas tecnologías,,,,,http://www.reichenberger.de/Pages/plit77.html,,2015,2025-06-24 18:35:51,2026-02-17 01:57:04,,,,,,,,,,,,,Edition Reichenberger,Kassel,,,,,,,,,"

<div class=""comment"">
<p>This description was automatically added from 
<a href=""https://books.google.com/books?id=JK8VXK7QMNAC"">Google Books</a>. 
For a customized abstract or excerpt, add a note to the item in the 
<a href=""github.com/{{github}}/{{BASE_URL}}"">Zotero library</a></p>
</div>",,,#nosource,,"Noguerol, Francisca",,,,,,,,,,,,,,,,,,,,,,,,,,,,,,,,,,,,,,,,,,,,,
R2PS8XVU,book,2000,"Vouillamoz, Núria",Literatura e hipermedia: la irrupción de la literatura interactiva,,,,,,,2000,2025-06-24 18:35:51,2026-02-17 01:57:04,,,,,,,,,,,,,Paidós,Barcelona,Spanish,,,,,,,,<p>00087</p>,,,#nosource,,,,,,,,,,,,,,,,,,,,,,,,,,,,,,,,,,,,,,,,,,,,,,,
TMUMMFWM,book,2001,"Reynal, Vicente",Las humanidades en la era digital,,0-8447-0112-3,,,http://books.google.co.uk/books?id=BJOQBxQOi2oC&lpg=PR7&ots=gtGfb0m8xJ&dq=humanidades%20digitales&lr&pg=PP1#v=onepage&q&f=false,,2001,2025-06-24 18:35:51,2026-02-17 01:57:04,,,,,,,,,,,,,Universidad de Puerto Rico,San Juan,,,,,,,,,<p>00001</p>,,,#nosource,,,,,,,,,,,,,,,,,,,,,,,,,,,,,,,,,,,,,,,,,,,,,,,
S5HP5DMR,book,2011,,La propiedad intelectual en la era digital: límites e infracciones a los derechos de autor en internet,,,,,,,2011,2025-06-24 18:35:51,2026-02-17 01:57:04,,,,,,,,,,,,,La Ley. Grupo Wolters Kluwer,,,,,,,,,,<p>00000</p>,,,#nosource,,"Mata Marín, Ricardo Manuel; Javato Martín, Antonio María",,,,,,,,,,,,,,,,,,,,,,,,,,,,,,,,,,,,,,,,,,,,,
8KX8FTJZ,book,2006,"Orihuela, José Luis",La Revolución de los blogs: cuando las bitácoras se convirtieron en el medio de comunicación de la gente,,,,,,,2006,2025-06-24 18:35:51,2026-02-17 01:57:04,,,,,,,,,,,,,La Esfera de los Libros,Madrid,,,,,,,,,<p>00055</p>,,,#nosource,,,,,,,,,,,,,,,,,,,,,,,,,,,,,,,,,,,,,,,,,,,,,,,
XIXBYCNB,book,2013,,Teatro e Internet en la década del siglo XXI,,,,,,,2013,2025-06-24 18:35:50,2026-02-17 01:57:04,,,,,,,,,,,,,Verbum,Madrid,,,,,,,,,<p>00012</p>,,,#nosource,,"Romera Castillo, José",,,,,,,,,,,,,,,,,,,,,,,,,,,,,,,,,,,,,,,,,,,,,
AYJFC7TT,book,2014,"Escandell Montiel, Daniel",Escrituras para el siglo XXI. Literaturas y blogosfera,,,,,,,2014,2025-06-24 18:35:50,2026-02-17 01:57:04,,,,,,,,,,,,,Iberoamericana / Vervuert,Madrid,,,,,,,,,<p>00000</p>,,,#nosource,,,,,,,,,,,,,,,,,,,,,,,,,,,,,,,,,,,,,,,,,,,,,,,
XYA5U56Z,book,2016,"Pulos, Alexis","Transnational contexts of culture, gender, class, and colonialism in play: video games in East Asia",,978-3-319-43816-0,,,,,2016,2025-06-24 18:35:56,2026-02-17 01:57:04,,,,,,,,"Transnational contexts of culture, gender, class, and colonialism in play",East Asian popular culture,,,,Springer Science+Business Media,"New York, NY",,,,,,,,,<p>00000</p>,,,#nosource,,,,,,,,,,,,,,,,,,,,,,,,,,,,,,,,,,,,,,,,,,,,,,,
HIVTWB9U,book,2014,,Visibilidad y divulgación de la investigación desde las Humanidades Digitales. Experiencias y proyectos,,978-84-8081-412-6,,,http://www.unav.edu/publicacion/biblioteca-aurea-digital/BIADIG-22,"El presente trabajo reúne iniciativas, proyectos y experiencias interesantes en los diferentes planos de este amplio contexto de la visibilidad y la difusión de la investigación en el ámbito de las Humanidades. En él se pone en común distintas experiencias, se comparte conocimientos y se da a conocer otras iniciativas, ya que en este campo de las Humanidades Digitales el valor ejemplarizante de los proyectos es muy importante. Así, el libro se ha organizado en cuatro áreas diferentes con su propia personalidad, pero vinculadas, como no podía ser de otro modo, entre sí: «Blogging académico, visibilidad y difusión de la investigación», «Revistas digitales», «Edición digital» y «Divulgación y Bibliotecas digitales».",2014,2025-06-24 18:35:55,2026-02-17 01:57:04,,,,,,,,,Biblioteca Áurea Digital,22,,,Servicio de Publicaciones de la Universidad de Navarra,,esp,,,,,,,,<p>00000</p>,,,#nosource; humanidades digitales; experiencias; proyectos,,"Baraibar, Alvaro",,,,,,,,,,,,,,,,,,,,,,,,,,,,,,,,,,,,,,,,,,,,,
2AWIEBSB,book,2014,,Humanidades Digitales: una aproximación transdisciplinar,,,,,http://www.janusdigital.es/fa/4656756780959093003595388/anexo2janus_completo_pub.pdf,,2014,2025-06-24 18:35:55,2026-02-17 01:57:04,,,,,,,,,,,,,SIELAE,A Coruña,,,,,,,,,"The contributions gathered in this volume show how digital technologies can be applied to Medieval Studies (Philology, Art, and History) in order to improve our understanding of medieval societies and cultures.",,,#nosource,,"Baraibar, Álvaro",,,,,,,,,,,,,,,,,,,,,,,,,,,,,,,,,,,,,,,,,,,,,
59U7YYQI,book,2005,"Borràs, Laura; Adell, Joan-Elies; Calefato, Patrizia; Canadell, Roger; Koskimaa, Raine; Izquierdo, Oriol; Clara Moll, Isabel; Terranova, Tiziana; Ollé, Manel; Pajares Tosca, Susana; Pinto, Rafaele; Torras, Meri; Vuillemin, Alain",Textualidades electrónicas: nuevos escenarios para la literatura,,,,,,,2005,2025-06-24 18:35:55,2026-02-17 01:57:04,,,,,,,,,,,,,Editorial UOC,Barcelona,,,,,,,,,<p>ZSCC: 0000043[s0]</p>,,,#nosource; Hipertexto; Teoría,,"Borràs, Laura",,,,,,,,,,,,,,,,,,,,,,,,,,,,,,,,,,,,,,,,,,,,,
NRHYEQKK,book,2009,,Teoría y literatura artística en la sociedad digital: construcción y aplicabilidad de colecciones textuales informatizadas,,978-84-9704-462-2,,,,"Las reflexiones e investigaciones que se han volcado en las páginas de este libro se centran en un ámbito muy concreto del complejo campo de la cultura digital: el de las colecciones de textos digitales. Su objetivo es triple: en primer lugar, aportar nuevas contribuciones a los estudios sobre sociedad digital e historia del arte, especialmente en relación con el desarrollo de plataformas digitales diseñadas como sistemas de información con fines investigadores, esto es, para la producción de conocimiento; en segundo lugar, presentar los primeros resultados del proyecto Atenea-TTC, un proyecto de I+D perteneciente al Plan Nacional de Arte y Humanidades que se lleva ejecutando en distintas universidades españolas y en centros extranjeros desde el año 2006 bajo el título Desarrollo de un tesauro terminológico-conceptual (TTC) de los discursos teórico-artísticos españoles de la Edad Moderna y del corpus textual informatizado (Atenea); en tercer lugar, ofrecer un protocolo de buenas prácticas, útil para todos aquellos grupos de investigación que quieran acometer proyectos de naturaleza similar. La sociedad digital plantea nuevas exigencias que hay que tener en cuenta: estándares y metadatos, normalización terminológica, flujos de navegación, estrategias de preservación digital, visualización a través de una interfaz gráfica, necesidades de interoperabilidad… Todo un conjunto de factores que el especialista debe conocer para desarrollar proyectos artísticos digitales con garantías de éxito y perdurabilidad.",2009,2025-06-24 18:35:55,2026-02-17 01:57:04,,,,,,,,,,,,,Ediciones Trea,Gijón,Spanish,,,,,,,,<p>ZSCC: NoCitationData[s0]</p>,,,#nosource; Arte digital,,"Rodríguez Ortega, Nuria",,,,,,,,,,,,,,,,,,,,,,,,,,,,,,,,,,,,,,,,,,,,,
ULAMLXY3,book,2008,"Scolari, Carlos",Hipermediaciones. Elementos para una Teoría de la Comunicación Digital Interactiva,,,,,,,2008,2025-06-24 18:35:55,2026-02-17 01:57:04,,,,,,,,,,,,,Gedisa,Barcelona,,,,,,,,,<p>00209</p>,,,#nosource,,,,,,,,,,,,,,,,,,,,,,,,,,,,,,,,,,,,,,,,,,,,,,,
IAYW5W7K,book,2004,"Scolari, Carlos",Hacer clic. Hacia una sociosemiótica de las interacciones digitales,,,,,,,2004,2025-06-24 18:35:55,2026-02-17 01:57:04,,,,,,,,,,,,,Gedisa,Barcelona,,,,,,,,,<p>00132</p>,,,#nosource,,,,,,,,,,,,,,,,,,,,,,,,,,,,,,,,,,,,,,,,,,,,,,,
WKU6DNG6,book,2013,,Escritorios electrónicos para las literaturas: nuevas herramientas digitales para la anotación colaborativa,,,,,http://eprints.ucm.es/23805/1/LuisPabloNu%C3%B1ez_EscritoriosElectrLiteraturas.pdf,"El volumen recoge un conjunto de estudios relativos a la interacción entre las Humanidades y las nuevas tecnologías. Llevados a cabo por profesores e investigadores de las universidades Complutense, UNED, Universidad Federal de Santa Catarina (Brasil) y Grupo Ciberimaginario-ICONO14, tratan aspectos tales como la creación de repositorios de objetos de aprendizaje, la construcción de museos virtuales, la recuperación de la información mediante agrupación en retículos y la anotación colaborativa sobre documentos digitales, especialmente literarios. Se añade una breve historia de las anotaciones, desde la Edad Media hasta nuestros días (smartphones y tabletas). El libro va dirigido a informáticos interesados en la creación de herramientas para las humanidades digitales y a filólogos que quieran introducir las TICs en la enseñanza de la literatura en el aula. Debido al Programa de Colaboración Interuniversitaria Hispano-Brasileño con cuya ayuda se ha publicado este libro, algunos de los textos que se recogen en esta obra están escritos en español y otros en portugués.",2013,2025-06-24 18:35:55,2026-02-17 01:57:04,,,,,,,,,,,,,Universidad Complutense de Madrid,Madrid,,,,,,,,,<p>00000</p>,,,#nosource,,"Pablo Núñez, Luis",,,,,,,,,,,,,,,,,,,,,,,,,,,,,,,,,,,,,,,,,,,,,
E7CY2XNR,book,2013,"Fernández Travieso, Carlota",Estudio de codificación XML/TEI para Relaciones de Sucesos españolas,,978-84-695-9041-6,,,http://www.bidiso.es/sielae/upload/estaticas/file/FTCXMLTEI1.pdf,,2013,2025-06-24 18:35:55,2026-02-17 01:57:04,,,,,,,,,,,,,SIELAE (Seminario Interdisciplinar para el Estudio de la Literatura Áurea Española),A Coruña,Spanish,,,,,,,,"<div class=""comment"">
<p>This book needs an abstract or excerpt, and it doesn't have a Google Books description available to use. For a customized abstract or excerpt, add a note to the item in the 
<a href=""github.com/{{github}}/{{BASE_URL}}"">Zotero library</a></p>
</div>",,,#nosource; TEI; XML; Relaciones de sucesos; Historia del periodismo; SIELAE,,,,,,,,,,,,,,,,,,,,,,,,,,,,,,,,,,,,,,,,,,,,,,,
KFSVJ6ET,book,2017,,Sustainable surfing,,978-1-138-93075-9,,,,,2017,2025-06-24 18:35:55,2026-02-17 01:57:04,,,,,,,,,,,,,Routledge,"Abingdon, Oxon ; New York, NY",,,,,,,,,"<p>00000</p>; <p>Sustainability and surfing in a risk society / Gregory Borne – Resource system boundaries, ecosystems, management, stakeholders / Steve Martin and Danny O&apos;Obrien – Technology, industry , and sustainability – The technological epoch of surfing, its implications and impacts and the potential for sustainability to theme the next epoch / Leon Mach – Towards more sustainable business practices in surf industry clusters / Anna Gerke – Surfboard manufacturing technologies / Chris Gibson &amp; Andy Warren – Surfing voices in coastal management : Gold Coast surf management plan / Dan Ware, Neil Lazarow and Rob Hales – International surfing activism / Rob Hales, Neil Lazarow and Dan Ware – Hedonic pricing and strategies for ensuring local value from surf driven coastal exploitation / Jason Scorse – Localism and opportunity or barrier to achieving sustainability / Lindsay Usher – Wilderness surfing experiences, development responses / Mark Orams – Surfing spaces / Jon Anderson – Culture, meaning and sustainability in surfing / Neil Lazarow and Rebecca Olive – Nirvanification in the age of simulated surfing environments / Jess Ponting – Sustainability and surfing : themes and synergies, future directions / Gregory Borne</p>",,,Economic aspects; Environmental aspects; Sustainability; #nosource; Environmental sustainability; Surfing,,"Borne, Gregory; Ponting, Jess",,,,,,,,,,,,,,,,,,,,,,,,,,,,,,,,,,,,,,,,,,,,,
A3HX5GID,book,2015,,"Textos, pixeles y bits. Reflexiones sobre la publicación digital",,,,,http://www.iib.unam.mx/index.php/publicaciones?start=3,"Este libro, publicado en formato digital ―utilizando, precisamente, los nuevos formatos de edición―, es una excelente muestra del análisis sobre los retos actuales que enfrenta la producción editorial en el cada vez más acelerado campo tecnológico. El uso de las redes sociales y la llamada Web 2.0 han permitido la publicación, por los mismos usuarios, de una enorme cantidad de material digital, como novelas electrónicas, fotografías, ilustraciones y blogs, lo cual ha generado otros tipos de difusión de las distintas formas del saber. Atendiendo estas premisas, los estudios que componen la presente obra buscan responder ―de acuerdo con las palabras de Isabel Galina Russell, coordinadora del volumen― a los siguientes puntos: problematización y definición de publicación digital en el contexto del resguardo de patrimonio bibliográfico; uso de la digitalización para apoyar las tareas de preservación y difusión de materiales históricos; desarrollo de nuevos tipos de publicaciones, en particular las aplicaciones literarias para iPad; reflexión acerca de los retos y dificultades para la preservación de documentación personal digital; relación entre oralidad y escritura en el texto digital y el papel del archivo sonoro; derechos de autor y discusión relativa al deliberado balance entre los controles para la protección de la propiedad intelectual y la importancia del conocimiento abierto y el bien común. En definitiva, los textos aquí reunidos, los cuales conforman una visión plural y multidisciplinaria, ponen sobre la mesa una temática tan interesante como necesaria.",2015,2025-06-24 18:35:55,2026-02-17 01:57:04,,,,,,,,,,,,,,,es,,,,,,,,<p>00000</p>,,,#nosource; Publicación digital,,"Galina Russell, Isabel",,,,,,,,,,,,,,,,,,,,,,,,,,,,,,,,,,,,,,,,,,,,,
87IAMI7C,book,2014,"Marqués, María Pérez",Minería de Datos a través de ejemplos,,978-84-941801-4-9,,,,Rare book,2014-03,2025-06-24 18:35:54,2026-02-17 01:57:04,,,,,,,,,,,,,RC Libros,Madrid,Spanish,,,,,,,,<p>00036</p>,,,,,,,,,,,,,,,,,,,,,,,,"1ªed., 1ª imp edition",,,,,,,,,,,,,,,,,,,,,,,,,,
7BF955A2,book,2019,"Fry, Hannah",Hola mundo: cómo seguir siendo humanos en la era de los algoritmos,,978-84-17552-41-1,,,,,2019,2025-06-24 18:35:54,2026-02-17 01:57:04,,,,,,,,Hola mundo,,,,,,,Traducció de: Hello world : being human in the age of algorithms,,,,,,,,<p>00000 OCLC: 1139473619</p>,,,#nosource,,,,"Ramos, Francisco",,,,,,,,,,,,,,,,,,,,,,,,,,,,,,,,,,,,,,,,,,,
43YIG9M9,book,2017,,"Los hijos de los dioses: El ""Grupo Filosófico Hiperión"" y la filosofía de lo mexicano",,,,,https://www.scribd.com/book/336319450/Los-hijos-de-los-dioses-El-Grupo-Filosofico-Hiperion-y-la-filosofia-de-lo-mexicano,"Descubrir qué es lo mexicano, cuáles son los rasgos que mejor describen el ser nacional, las particularidades de su cultura y su devenir histórico, ha sido una vieja obsesión que ha ocupado a numerosos intelectuales, científicos sociales, artistas y hombres de letras de México desde, por lo menos, finales del siglo XIX. Hacia mediados del siglo pasado, un grupo de jóvenes universitarios –filósofos en su mayoría–, se propusieron actualizar las búsquedas sobre la identidad nacional haciendo uso de un inusitado arsenal teórico. El presente libro explora las representaciones identitarias formuladas por estos intelectuales, quienes dieron en llamarse Grupo filosófico Hiperión. Las propuestas y tesis que englobaron bajo el nombre de ""filosofía de lo mexicano"" o ""filosofía de la mexicanidad"" son examinadas aquí bajo la lupa de las distintas tramas que dieron sustento, significado y proyección a sus planteamientos sobre lo mexicano.",2017-11,2025-06-24 18:35:54,2026-02-17 01:57:04,2017-11-23,,,,,,,Los hijos de los dioses,,,,,,,,,,,,,,,<p>00000</p>,,,,,,,,,,,,,,,,,,,,,,,,,,,,,,,,,,,,,,,,,,,,,,,,,,
2F8TRSNB,book,1997,"Irizarry, Estelle",Informática y literatura: análisis de textos hispánicos,,978-84-922335-6-4,,,,,1997,2025-06-24 18:35:54,2026-02-17 01:57:04,,,,,,,,Informática y literatura,,,,,Anthropos Editorial,,es,,,,,,,,<p>00006</p>,,,,,,,,,,,,,,,,,,,,,,,,,,,,,,,,,,,,,,,,,,,,,,,,,,
ZU2HUDXI,book,2015,"del Río Riande, Gimena; Cantamutto, Lucía; Striker, Gabriela","Las Humanidades Digitales desde Argentina: Tecnologías, culturas, saberes",,978-987-3617-89-8,,,https://libros.unlp.edu.ar/index.php/unlp/catalog/book/542,,2015,2025-06-24 18:35:54,2026-02-17 01:57:04,2019-10-14,,,,,,,,,,,,"Editorial de la Facultad de Filosofía y Letras Universidad de Buenos Aires,",Buenos Aires,Español,,,,,,,,"Fil: del Rio Riande, Gimena. Universidad de Buenos Aires; Argentina.

<div class=""comment"">
<p>This description was automatically added from 
<a href=""https://books.google.com/books?id=JK8VXK7QMNAC"">Google Books</a>. 
For a customized abstract or excerpt, add a note to the item in the 
<a href=""github.com/{{github}}/{{BASE_URL}}"">Zotero library</a></p>
</div>",,,#nosource,,,,,,,,,,,,,,,,,,,,,1a. edición,,,,,,,,,,,,,,,,,,,,,,,,,,
2VSSVL7K,book,2018,"González, Déborah; Bermúdez, Sabel Helena","Humanidades Digitales, Miradas hacia la Edad Media",,978-3-11-058541-4,,10.1515/9783110585421,https://www.degruyter.com/viewbooktoc/product/499554?fbclid=IwAR3gtJIDBrwynIDBb5XvkZ3Jyux-JESs2D_2SHqLHBHzEOkjy1M0vK_R0RA,,2018,2025-06-24 18:35:54,2026-02-17 01:57:04,2020-01-13,,,,,,,,,,,,De Gruyter,"Berlin, Boston",SPAN,,,,,,,,"The contributions gathered in this volume show how digital technologies can be applied to Medieval Studies (Philology, Art, and History) in order to improve our understanding of medieval societies and cultures.

<div class=""comment"">
<p>This description was automatically added from 
<a href=""https://books.google.com/books?id=JK8VXK7QMNAC"">Google Books</a>. 
For a customized abstract or excerpt, add a note to the item in the 
<a href=""github.com/{{github}}/{{BASE_URL}}"">Zotero library</a></p>
</div>",,,#nosource,,,,,,,,,,,,,,,,,,,,,,,,,,,,,,,,,,,,,,,,,,,,,,,
AFC64H89,book,2013,"Dougherty, Jack; Nawrotzki, Kristen",Writing History in the Digital Age,,978-0-472-02991-4,,,https://muse.jhu.edu/book/27633,"Writing History in the Digital Age began as a “what-if” experiment by posing a question: How have Internet technologies influenced how historians think, teach, author, and publish? To illustrate their answer, the contributors agreed to share the stages of their book-in-progress as it was constructed on the public web. To facilitate this innovative volume, editors Jack Dougherty and Kristen Nawrotzki designed a born-digital, open-access, and open peer review process to capture commentary from appointed experts and general readers. A customized WordPress plug-in allowed audiences to add page- and paragraph-level comments to the manuscript, transforming it into a socially networked text. The initial six-week proposal phase generated over 250 comments, and the subsequent eight-week public review of full drafts drew 942 additional comments from readers across different parts of the globe. The finished product now presents 20 essays from a wide array of notable scholars, each examining (and then breaking apart and reexamining) if and how digital and emergent technologies have changed the historical profession.",2013,2025-06-24 18:35:54,2026-02-17 01:57:04,2018-04-11,,,,,,,,,,,,University of Michigan Press,,English,,,,,,,,<p>00059</p>,,,#nosource,,,,,,,,,,,,,,,,,,,,,,,,,,,,,,,,,,,,,,,,,,,,,,,
IWYMU5LU,book,2014,"Lupton, Deborah",Digital Sociology,,978-1-138-02276-8,,,http://gen.lib.rus.ec/book/index.php?md5=847c18ddca31ebb8bfb600cce3405975,,2014,2025-06-24 18:35:54,2026-02-17 01:57:04,2018-08-19,,,,,,,,,,,,Routledge,Londres & New York,,,,,,,,,<p>QID: Q96705951</p>,,,#nosource,,,,,,,,,,,,,,,,,,,,,,,,,,,,,,,,,,,,,,,,,,,,,,,
JFPDAJSJ,book,2013,"Kelly, T. Mills",Teaching History in the Digital Age,,978-0-472-02913-6,,,https://muse.jhu.edu/book/22708,"Although many humanities scholars have been talking and writing about the transition to the digital age for more than a decade, only in the last few years have we seen a convergence of the factors that make this transition possible: the spread of sufficient infrastructure on campuses, the creation of truly massive databases of humanities content, and a generation of students that has never known a world without easy Internet access. Teaching History in the Digital Age serves as a guide for practitioners on how to fruitfully employ the transformative changes of digital media in the research, writing, and teaching of history. T. Mills Kelly synthesizes more than two decades of research in digital history, offering practical advice on how to make best use of the results of this synthesis in the classroom and new ways of thinking about pedagogy in the digital humanities.",2013,2025-06-24 18:35:54,2026-02-17 01:57:04,2018-04-11,,,,,,,,,,,,University of Michigan Press,,English,,,,,,,,<p>QID: Q60186757</p>,,,#nosource,,,,,,,,,,,,,,,,,,,,,,,,,,,,,,,,,,,,,,,,,,,,,,,
F875LZ3F,book,2018,"Salamanca López, Manuel Joaquín",Entornos Digitales: Humanidades y Ciencias Sociales en la Universidad Complutense de Madrid.,,978-607-98364-0-5,,,,,2018,2025-06-24 18:35:54,2026-02-17 01:57:04,,,,,,,,,,,,,Red de Humanidades Digitales,Ciudad de México,Español,,,,,,,,<p>00000</p>,,,#nosource,,"Romero López, María Dolores",,,,,,,,,,,,,,,,,,,,,,,,,,,,,,,,,,,,,,,,,,,,,
6DZZBN7H,book,2003,"Vega, María José",Literatura hipertextual y teoría literaria,,,,,http://cv.uoc.edu/~04_999_01_u07/vega1.html,,2003,2025-06-24 18:35:53,2026-02-17 01:57:04,,,,,,,,,,,,,Marenostrum comunicación,Madrid,Spanish,,,,,,,,<p>00029</p>; <p>The following values have no corresponding Zotero field:JF - Aura Digital. Estudis de cibercultura hipertextual</p>,,,#nosource; Hipertexto; Teoría,,,,,,,,,,,,,,,,,,,,,,,,,,,,,,,,,,,,,,,,,,,,,,,
NWRN7VDG,book,2015,"del Río Riande, Gimena; Cantamutto, Lucía; Striker, Gabriela","Las Humanidades Digitales desde Argentina: Tecnologías, culturas, saberes",,978-987-3617-89-8,,,https://libros.unlp.edu.ar/index.php/unlp/catalog/book/542,,2015,2025-06-24 18:36:10,2026-02-17 01:57:04,2019-10-14,,,,,,,,,,,,"Editorial de la Facultad de Filosofía y Letras Universidad de Buenos Aires,",Buenos Aires,Español,,,,,,,,"Fil: del Rio Riande, Gimena. Universidad de Buenos Aires; Argentina.

<div class=""comment"">
<p>This description was automatically added from 
<a href=""https://books.google.com/books?id=JK8VXK7QMNAC"">Google Books</a>. 
For a customized abstract or excerpt, add a note to the item in the 
<a href=""github.com/{{github}}/{{BASE_URL}}"">Zotero library</a></p>
</div>",,,#nosource,,,,,,,,,,,,,,,,,,,,,1a. edición,,,,,,,,,,,,,,,,,,,,,,,,,,
CZAJ89FU,book,2018,"González, Déborah; Bermúdez, Sabel Helena","Humanidades Digitales, Miradas hacia la Edad Media",,978-3-11-058541-4,,10.1515/9783110585421,https://www.degruyter.com/viewbooktoc/product/499554?fbclid=IwAR3gtJIDBrwynIDBb5XvkZ3Jyux-JESs2D_2SHqLHBHzEOkjy1M0vK_R0RA,,2018,2025-06-24 18:36:10,2026-02-17 01:57:04,2020-01-13,,,,,,,,,,,,De Gruyter,"Berlin, Boston",SPAN,,,,,,,,"The contributions gathered in this volume show how digital technologies can be applied to Medieval Studies (Philology, Art, and History) in order to improve our understanding of medieval societies and cultures.

<div class=""comment"">
<p>This description was automatically added from 
<a href=""https://books.google.com/books?id=JK8VXK7QMNAC"">Google Books</a>. 
For a customized abstract or excerpt, add a note to the item in the 
<a href=""github.com/{{github}}/{{BASE_URL}}"">Zotero library</a></p>
</div>",,,#nosource,,,,,,,,,,,,,,,,,,,,,,,,,,,,,,,,,,,,,,,,,,,,,,,
UWUYZCT6,book,2013,"Dougherty, Jack; Nawrotzki, Kristen",Writing History in the Digital Age,,978-0-472-02991-4,,,https://muse.jhu.edu/book/27633,"Writing History in the Digital Age began as a “what-if” experiment by posing a question: How have Internet technologies influenced how historians think, teach, author, and publish? To illustrate their answer, the contributors agreed to share the stages of their book-in-progress as it was constructed on the public web. To facilitate this innovative volume, editors Jack Dougherty and Kristen Nawrotzki designed a born-digital, open-access, and open peer review process to capture commentary from appointed experts and general readers. A customized WordPress plug-in allowed audiences to add page- and paragraph-level comments to the manuscript, transforming it into a socially networked text. The initial six-week proposal phase generated over 250 comments, and the subsequent eight-week public review of full drafts drew 942 additional comments from readers across different parts of the globe. The finished product now presents 20 essays from a wide array of notable scholars, each examining (and then breaking apart and reexamining) if and how digital and emergent technologies have changed the historical profession.",2013,2025-06-24 18:36:10,2026-02-17 01:57:04,2018-04-11,,,,,,,,,,,,University of Michigan Press,,English,,,,,,,,<p>00059</p>,,,#nosource,,,,,,,,,,,,,,,,,,,,,,,,,,,,,,,,,,,,,,,,,,,,,,,
QSCEFBEK,book,2014,"Lupton, Deborah",Digital Sociology,,978-1-138-02276-8,,,http://gen.lib.rus.ec/book/index.php?md5=847c18ddca31ebb8bfb600cce3405975,,2014,2025-06-24 18:36:09,2026-02-17 01:57:04,2018-08-19,,,,,,,,,,,,Routledge,Londres & New York,,,,,,,,,<p>QID: Q96705951</p>,,,#nosource,,,,,,,,,,,,,,,,,,,,,,,,,,,,,,,,,,,,,,,,,,,,,,,
5TTRUNFN,book,2013,"Kelly, T. Mills",Teaching History in the Digital Age,,978-0-472-02913-6,,,https://muse.jhu.edu/book/22708,"Although many humanities scholars have been talking and writing about the transition to the digital age for more than a decade, only in the last few years have we seen a convergence of the factors that make this transition possible: the spread of sufficient infrastructure on campuses, the creation of truly massive databases of humanities content, and a generation of students that has never known a world without easy Internet access. Teaching History in the Digital Age serves as a guide for practitioners on how to fruitfully employ the transformative changes of digital media in the research, writing, and teaching of history. T. Mills Kelly synthesizes more than two decades of research in digital history, offering practical advice on how to make best use of the results of this synthesis in the classroom and new ways of thinking about pedagogy in the digital humanities.",2013,2025-06-24 18:36:09,2026-02-17 01:57:04,2018-04-11,,,,,,,,,,,,University of Michigan Press,,English,,,,,,,,<p>QID: Q60186757</p>,,,#nosource,,,,,,,,,,,,,,,,,,,,,,,,,,,,,,,,,,,,,,,,,,,,,,,
XI8R64GT,book,2018,"Salamanca López, Manuel Joaquín",Entornos Digitales: Humanidades y Ciencias Sociales en la Universidad Complutense de Madrid.,,978-607-98364-0-5,,,,,2018,2025-06-24 18:36:09,2026-02-17 01:57:04,,,,,,,,,,,,,Red de Humanidades Digitales,Ciudad de México,Español,,,,,,,,<p>00000</p>,,,#nosource,,"Romero López, María Dolores",,,,,,,,,,,,,,,,,,,,,,,,,,,,,,,,,,,,,,,,,,,,,
6AE3MCLX,book,2003,"Vega, María José",Literatura hipertextual y teoría literaria,,,,,http://cv.uoc.edu/~04_999_01_u07/vega1.html,,2003,2025-06-24 18:36:09,2026-02-17 01:57:04,,,,,,,,,,,,,Marenostrum comunicación,Madrid,Spanish,,,,,,,,<p>00029</p>; <p>The following values have no corresponding Zotero field:JF - Aura Digital. Estudis de cibercultura hipertextual</p>,,,#nosource; Hipertexto; Teoría,,,,,,,,,,,,,,,,,,,,,,,,,,,,,,,,,,,,,,,,,,,,,,,
R8583B8T,book,2019,"Clivaz, C.","Ecritures digitales. Digital Writing, Digital Scriptures",,978-90-04-40256-0,,,https://doi.org/10.1163/9789004402560_002,,2019,2025-06-24 18:36:08,2026-02-17 01:57:04,,,,,1,,,,Digital Biblical Studies,4,,,Brill,Leiden - Boston,"Français, English",,,,,,,,<p>ZSCC: 0000006 </p>,,,#nosource,,,,,,,,,,,,,,,,,,,,,1ª,,,,,,,,,,,,,,,,,,,,,,,,,,
PJNT68PK,book,2019,,Digital Classical Philology. Ancient Greek and Latin in the Digital Revolution,,978-3-11-059678-6 978-3-11-059957-2,,,,,2019,2025-06-24 18:36:08,2026-02-17 01:57:04,,,,,1,,,,Age of Access? Grundfragen der Informationsgesellschaft,10,,,Walter de Gruyter GmbH,Berlin - Boston,English,,,,,,,,<p>ZSCC: 0000017 </p>,,,#nosource,,"Berti, M.",,,,,,,,,,,,,,,,,,,1ª,,,,,,,,,,,,,,,,,,,,,,,,,,
6B3BSST7,book,2018,,Humanidades Digitales: Construcciones locales en contextos globales. Actas del I Congreso Internacional de la Asociación Argentina de Humanidades Digitales - AAHD,,978-987-4019-97-4,,,,,2018,2025-06-24 18:36:08,2026-02-17 01:57:04,,,,,1,,,,,,,,Universidad de Buenos Aires. Editorial de la Facultad de Filosofía y Letras,Buenos Aires,Español,,,,,,,,<p>ZSCC: NoCitationData[s0] </p>,,,#nosource,,"Río Riande, G. del; Calarco, G.; Striker, G.; León, R. de",,,,,,,,,,,,,,,,,,,1ª,,,,,,,,,,,,,,,,,,,,,,,,,,
WAE5QL34,book,2013,,Imágenes de la tecnología y la globalización en las literaturas hispánicas,,,,,http://www.ibero-americana.net/cgi-bin/infodetail.cgi?doknr=521750&lang=es&txt=einleitung,"Imágenes de la tecnología y la globalización en las literaturas hispánicas / Jesús Montoya Juárez, Ángel Esteban del Campo (eds.) recoge una serie de estudios donde se reflexiona sobre las conexiones de la literatura con las nuevas tecnología y los medios de comunicación. Compuesta por ensayos de especialistas como Jorge Carrión, Francisca Noguerol, Daniel Mesa Gancedo o Doménico Chiappe, entre otros, se abordan algunas pautas sobre la última narrativa en español, los textos en la nueva identidad digital y el hibridismo tecnológico en la literatura hispánica actual.",2013,2025-06-24 18:36:07,2026-02-17 01:57:04,,,,,,,,,,,,,Iberoamericana - Vervuert,Madrid - Frankfurt,,,,,,,,,<p>00000</p>,,,#nosource,,"Montoya Juárez, Jesús; Esteban del Campo, Ángel",,,,,,,,,,,,,,,,,,,,,,,,,,,,,,,,,,,,,,,,,,,,,
C7XA5T96,book,2018,,"Literatura en el laboratorio. Canon, archivo y crítica literaria en la era digital",,,,,"https://www.gedisa.com/ficha.aspx?idcol=240&cod=240018&titulo=Literatura-en-el-laboratorio&aut=Moretti,%20Franco#.YQg4k-3tbe1",,2018,2025-06-24 18:36:07,2026-02-17 01:57:04,,,,,,,,,,,,,Gedisa,Barcelona,es,,,,,,,,"Is it possible for a computer program to identify literary genres as well as human reasoning, to completely sequence a set of novels in order to trace the peculiarity of the stylistic phenomenon? The research of Franco Moretti and his team, the Stanford Literary Lab founded in 2010, has confirmed it: we can use computational systems to analyze in detail the genres of the novel, look for patterns in the arrangement of the most frequent words and scrutinize the interconnected layers of meaning. But undoubtedly one of the most important novelties to emerge from the digitization of literary studies is the ability to map the vast and unexplored continent of literature (The Great Unread): «We used to work with a couple of hundred nineteenth-century novels, but now we can analyze thousands or tens of thousands and soon hundreds of thousands; it is as if, suddenly, we have a telescope with which we can observe unknown galaxies». In this exploratory journey into the «narrative genome», Literature in the Laboratory succeeds in spreading the passion of a rigorous research process that, not without its difficulties, opens revolutionary doors for literary studies.

<div class=""comment"">
<p>This description was automatically added from 
<a href=""https://books.google.com/books?id=JK8VXK7QMNAC"">Google Books</a>. 
For a customized abstract or excerpt, add a note to the item in the 
<a href=""github.com/{{github}}/{{BASE_URL}}"">Zotero library</a></p>
</div>",,,#nosource,,"Moretti, Franco",,"Rojas Castro, Antonio",,,,,,,,,,,,,,,,,,,,,,,,,,,,,,,,,,,,,,,,,,,
F8NVVIES,book,2008,,Literaturas del texto al hipermedia,,978-84-7658-888-8 84-7658-888-7,,,,,2008,2025-06-24 18:36:07,2026-02-17 01:57:04,,,,,,,,,,,,,Anthropos,Rubí,Spanish,,,,,,,,<p>00006</p>,,,#nosource,,"Romero López, Dolores; Sanz Cabrerizo, Ángeles",,,,,,,,,,,,,,,,,,,,,,,,,,,,,,,,,,,,,,,,,,,,,
NAMK4KMJ,book,2008,"Pardo Salgado, Carmen",Las TIC: una reflexión filosófica,,,,,,"La razón técnica se encarna hoy en las Tecnologías de la Información y la Comunicación y en sus efectos en la transformación de la producción y transmisión del saber. Con ella se insta a sustituir -en las sociedades postindustriales-, a la antigua mano de obra por un nuevo capital humano fundado en el conocimiento. En el ca mino hacia esta sociedad cohabitan los antiguos discursos ilustrados junto a la exigencia de una formación permanente que hace del conocimiento un valor de cambio. En esta situación y alejándonos tanto de un discurso que demoniza la técnica como de los discursos complacientes que hacen de ella la panacea para todos los males, interrogamos de nuevo nuestra relación con la técnica y sus nexos con el sistema económico, político y social en el que se encuentra.",2008,2025-06-24 18:36:06,2026-02-17 01:57:04,,,,,,,,,,,,,Laertes,Barcelona,,,,,,,,,,,,#nosource,,,,,,,,,,,,,,,,,,,,,,,,,,,,,,,,,,,,,,,,,,,,,,,
XBTUD2AG,book,1998,"Moreno Hernández, Carlos",Literatura e hipertexto: de la cultura manuscrita a la cultura electrónica,,84-362-3683-1 978-84-362-3683-5,,,,,1998,2025-06-24 18:36:06,2026-02-17 01:57:04,,,,,,,,Literatura e hipertexto,,,,,Universidad Nacional de Educación a Distancia,Madrid,Spanish,,,,,,,,<p>00031</p>,,,#nosource,,,,,,,,,,,,,,,,,,,,,,,,,,,,,,,,,,,,,,,,,,,,,,,
N7AL3JQY,book,2015,"Pérez López, Mª Ángeles; Sánchez Aparicio, Vega",Letras y bytes. Escrituras y nuevas tecnologías,,,,,http://www.reichenberger.de/Pages/plit77.html,,2015,2025-06-24 18:36:06,2026-02-17 01:57:04,,,,,,,,,,,,,Edition Reichenberger,Kassel,,,,,,,,,"

<div class=""comment"">
<p>This description was automatically added from 
<a href=""https://books.google.com/books?id=JK8VXK7QMNAC"">Google Books</a>. 
For a customized abstract or excerpt, add a note to the item in the 
<a href=""github.com/{{github}}/{{BASE_URL}}"">Zotero library</a></p>
</div>",,,#nosource,,"Noguerol, Francisca",,,,,,,,,,,,,,,,,,,,,,,,,,,,,,,,,,,,,,,,,,,,,
PV9FRZ9A,book,2000,"Vouillamoz, Núria",Literatura e hipermedia: la irrupción de la literatura interactiva,,,,,,,2000,2025-06-24 18:36:06,2026-02-17 01:57:04,,,,,,,,,,,,,Paidós,Barcelona,Spanish,,,,,,,,<p>00087</p>,,,#nosource,,,,,,,,,,,,,,,,,,,,,,,,,,,,,,,,,,,,,,,,,,,,,,,
TAX5YDI5,book,2001,"Reynal, Vicente",Las humanidades en la era digital,,0-8447-0112-3,,,http://books.google.co.uk/books?id=BJOQBxQOi2oC&lpg=PR7&ots=gtGfb0m8xJ&dq=humanidades%20digitales&lr&pg=PP1#v=onepage&q&f=false,,2001,2025-06-24 18:36:06,2026-02-17 01:57:04,,,,,,,,,,,,,Universidad de Puerto Rico,San Juan,,,,,,,,,<p>00001</p>,,,#nosource,,,,,,,,,,,,,,,,,,,,,,,,,,,,,,,,,,,,,,,,,,,,,,,
3R95FKZZ,book,2004,"Pajares Tosca, Susana",Literatura digital: el paradigma hipertextual,,,,,,,2004,2025-06-24 18:36:06,2026-02-17 01:57:04,,,,,,,,,,,,,Universidad de Extremadura,Cáceres,,,,,,,,,<p>00041</p>,,,#nosource; Hipertexto; Teoría,,,,,,,,,,,,,,,,,,,,,,,,,,,,,,,,,,,,,,,,,,,,,,,
D826KEY7,book,2011,,La propiedad intelectual en la era digital: límites e infracciones a los derechos de autor en internet,,,,,,,2011,2025-06-24 18:36:06,2026-02-17 01:57:04,,,,,,,,,,,,,La Ley. Grupo Wolters Kluwer,,,,,,,,,,<p>00000</p>,,,#nosource,,"Mata Marín, Ricardo Manuel; Javato Martín, Antonio María",,,,,,,,,,,,,,,,,,,,,,,,,,,,,,,,,,,,,,,,,,,,,
HI5L8WPY,book,2006,"Orihuela, José Luis",La Revolución de los blogs: cuando las bitácoras se convirtieron en el medio de comunicación de la gente,,,,,,,2006,2025-06-24 18:36:06,2026-02-17 01:57:04,,,,,,,,,,,,,La Esfera de los Libros,Madrid,,,,,,,,,<p>00055</p>,,,#nosource,,,,,,,,,,,,,,,,,,,,,,,,,,,,,,,,,,,,,,,,,,,,,,,
SESTKHKD,book,2013,,Teatro e Internet en la década del siglo XXI,,,,,,,2013,2025-06-24 18:36:06,2026-02-17 01:57:04,,,,,,,,,,,,,Verbum,Madrid,,,,,,,,,<p>00012</p>,,,#nosource,,"Romera Castillo, José",,,,,,,,,,,,,,,,,,,,,,,,,,,,,,,,,,,,,,,,,,,,,
HQ6UVKZ4,book,2014,"Escandell Montiel, Daniel",Escrituras para el siglo XXI. Literaturas y blogosfera,,,,,,,2014,2025-06-24 18:36:06,2026-02-17 01:57:04,,,,,,,,,,,,,Iberoamericana / Vervuert,Madrid,,,,,,,,,<p>00000</p>,,,#nosource,,,,,,,,,,,,,,,,,,,,,,,,,,,,,,,,,,,,,,,,,,,,,,,
9WY8A96W,book,2014,,"Humanidades Digitales: desafíos, logros y perspectivas de futuro",,,,,http://www.janusdigital.es/anexo.htm?id=5,,2014-04,2025-06-24 18:36:05,2026-02-17 01:57:04,2014-05-11,,,,,,,,,,,,SIELAE,A Coruña,,,,,,,,,<p>00005</p>,,,#nosource,,"López Poza, Sagrario; Pena Sueiro, Nieves",,,,,,,,,,,,,,,,,,,,,,,,,,,,,,,,,,,,,,,,,,,,,
DXQ73FQA,book,1996,"Millán, José Antonio",La edición electrónica y multimedia,,,,,,,1996,2025-06-24 18:36:04,2026-02-17 01:57:04,,,,,,,,,,,,,Tesitex,Salamanca,Spanish,,,,,,,,<p>00005</p>,,,#nosource,,,,,,,,,,,,,,,,,,,,,,,,,,,,,,,,,,,,,,,,,,,,,,,
2QWHTPGI,book,2001,"Castells, Manuel",La Galaxia Internet,,,,,,,2001,2025-06-24 18:36:04,2026-02-17 01:57:04,,,,,,,,,,,,,Plaza & Janés,Barcelona,Spanish,,,,,,,,<p>00028</p>,,,#nosource,,,,,,,,,,,,,,,,,,,,,,,,,,,,,,,,,,,,,,,,,,,,,,,
2IEX244Q,book,2006,"Mora, Vicente Luis","Pangea: Internet, blogs y comunicación en un mundo nuevo",,,,,,,2006,2025-06-24 18:36:13,2026-02-17 01:57:04,,,,,,,,,,,,,Fundación José Manuel Lara,Sevilla,Spanish,,,,,,,,<p>ZSCC: 0000098</p>,,,#nosource,,,,,,,,,,,,,,,,,,,,,,,,,,,,,,,,,,,,,,,,,,,,,,,
VII5FLK3,book,2013,"Scolari, Carlos A",Narrativas Transmedia: cuando todos los medios cuentan,,978-84-234-1336-2 84-234-1336-5,,,,,2013,2025-06-24 18:36:13,2026-02-17 01:57:04,,,,,,,,Narrativas Transmedia,,,,,"Centro Libros PAPF, S.L.U.",Barcelona,Spanish,,,,,,,,<p>ZSCC: 0001824</p>,,,#nosource,,,,,,,,,,,,,,,,,,,,,,,,,,,,,,,,,,,,,,,,,,,,,,,
M32THD5A,book,2011,"Orihuela, José Luis",Mundo Twitter: una guía para comprender y dominar la plataforma que cambió la red,,,,,,,2011,2025-06-24 18:36:12,2026-02-17 01:57:04,,,,,,,,,,,,,Alienta,Barcelona,,,,,,,,,<p>ZSCC: 0000313</p>,,,#nosource,,,,,,,,,,,,,,,,,,,,,,,,,,,,,,,,,,,,,,,,,,,,,,,
EDYS8Y69,book,2002,"Lucía Megías, José Manuel",Literatura románica en Internet,,,,,,,2002,2025-06-24 18:36:12,2026-02-17 01:57:04,,,,,,,,,,,,,Castalia,Madrid,Spanish,,,,,,,,<p>ZSCC: 0000011</p>,,,#nosource,,,,,,,,,,,,,,,,,,,,,,,,,,,,,,,,,,,,,,,,,,,,,,,
5EP72EZ7,book,2013,"Llosa Sanz, Álvaro",Más allá del papel. El hilo digital de la ficción impresa,,,,,http://www.academiaeditorial.com/web/wp-content/uploads/2013/11/Llosa-Hilo-digital.pdf,"Ante el despunte de los medios digitales en una cultura transformada por el hipermedia, por la inmersión en los espacios virtuales y por los nuevos hábitos sociales de lectura, el universo de la ficción que se nos ha transmitido de forma impresa comienza a replantearse su contexto pasado para hallar un espacio en el futuro. Este libro busca respuestas a una cuestión clave cuando hablamos de digitalización de obras de ficción previamente impresas: ¿es posible trasladar y de qué manera la memoria cultural del libro impreso a una memoria virtual caracterizada por el hipertexto, la inmersión audiovisual y la participación escrilectora? Si rescatamos las diversas formas de producción y recepción que rodearon la difusión de ficciones en torno a la era de la imprenta, descubriremos los hilos digitales de la ficción impresa.",2013,2025-06-24 18:36:12,2026-02-17 01:57:04,,,,,,,,,,,,,Editorial Academia del Hispanismo,Vigo,,,,,,,,,<p>ZSCC: 0000005</p>,,,#nosource,,,,,,,,,,,,,,,,,,,,,,,,,,,,,,,,,,,,,,,,,,,,,,,
YMJLD7EX,book,2006,,Teoría del hipertexto,,,,,,,2006,2025-06-24 18:36:12,2026-02-17 01:57:04,,,,,,,,,,,,,Arcos,Madrid,Spanish,,,,,,,,<p>00014</p>,,,#nosource,,"Vilariño, Teresa; Abuin González, Ángel",,,,,,,,,,,,,,,,,,,,,,,,,,,,,,,,,,,,,,,,,,,,,
QQDVGQFB,book,2013,,Digital Art History. Special Issue,,,,,http://www.mindspring.com/%7Esundt-vr/toc.htm,,2013-06,2025-06-24 18:36:12,2026-02-17 01:57:04,,,,,29,,,,Visual Resources: An International Journal of Documentation,,,,"Routledge, Taylor & Francis Group",,en,,,,,,,,<p>ZSCC: 0000000[s0]</p>,,,#nosource; Arte digital,,"Baca, Murtha; Helmreich, Anne; Rodríguez Ortega, Nuria",,,,,,,,,,,,,,,,,,,,,,,,,,,,,,,,,,,,,,,,,,,,,
JESBJS55,book,2015,,Creatividad Computacional,,ISBN: 978-607-744-284-4,,,,,2015,2025-06-24 18:36:12,2026-02-17 01:57:04,,,,,,,,,,,,,UAM-Cuajimalpa-Patria,,,,,,,,,,<p>ZSCC: NoCitationData[s0] Entrevista con el editor: https://www.youtube.com/watch?v=oNcdt5lhpeA</p>,,,#nosource,,"Pérez y Pérez, Rafael",,,,,,,,,,,,,,,,,,,,,,,,,,,,,,,,,,,,,,,,,,,,,
HANXFUEK,book,2012,"Lucía Megías, José Manuel",Elogio del texto digital. Claves para interpretar el nuevo paradigma,,,,,,,2012,2025-06-24 18:36:12,2026-02-17 01:57:04,,,,,,,,,,,,,Fórcola,,Español,,,,,,,,<p>00000</p>,,,#nosource,,,,,,,,,,,,,,,,,,,,,,,,,,,,,,,,,,,,,,,,,,,,,,,
LC8IW4Q4,book,2013,"Pons, Anaclet",El desorden digital. Guía para historiadores y humanistas,,,,,,"No es sólo la historia o las humanidades, es el mundo el que está cambiando, en ocasiones de forma estimulante; en otras, de una manera que nos sobresalta. Muy pocos son los que pueden presumir de comprender esa mutación. En medio de la transformación digital, zarandeados por el remolino del cambio, la sensación de confusión y desconcierto es inevitable. Este volumen se ofrece como ayuda, como guía para comprender algunos de los fenómenos que acompañan «el desorden digital» en el que estamos inmersos: los cambios en los soportes, en la lectura, en la escritura, en el documento y el archivo mismos, en la condición y la función de autor, en los modos de colaboración y en la difusión del conocimiento. El autor nos muestra una mutación que afecta a procesos con los que captamos el mundo, que utilizamos para conocerlo, muchos de los cuales pasan inadvertidos precisamente por su obviedad, por su familiaridad, cuando lo que hacen es modificar nuestro trabajo de una manera profunda. De ahí la necesidad de sobreponerse a la confusión, al extravío, y la exigencia de pensar lo que supone ese entorno digital, de aquilatar lo que sucede a nuestro alrededor.",2013,2025-06-24 18:36:11,2026-02-17 01:57:04,,,,,,,,,,,,,Siglo XXI Editores,Madrid,,,,,,,,,"No es sólo la historia o las humanidades, es el mundo el que está cambiando, en ocasiones de forma estimulante; en otras, de una manera que nos sobresalta. Muy pocos son los que pueden presumir de comprender esa mutación. En medio de la transformación digital, zarandeados por el remolino del cambio, la sensación de confusión y desconcierto es inevitable. Este volumen se ofrece como ayuda, como guía para comprender algunos de los fenómenos que acompañan «el desorden digital» en el que estamos inmersos: los cambios en los soportes, en la lectura, en la escritura, en el documento y el archivo mismos, en la condición y la función de autor, en los modos de colaboración y en la difusión del conocimiento. El autor nos muestra una mutación que afecta a procesos con los que captamos el mundo, que utilizamos para conocerlo, muchos de los cuales pasan inadvertidos precisamente por su obviedad, por su familiaridad, cuando lo que hacen es modificar nuestro trabajo de una manera profunda. De ahí la necesidad de sobreponerse a la confusión, al extravío, y la exigencia de pensar lo que supone ese entorno digital, de aquilatar lo que sucede a nuestro alrededor.

<div class=""comment"">
<p>This description was automatically added from 
<a href=""https://books.google.com/books?id=JK8VXK7QMNAC"">Google Books</a>. 
For a customized abstract or excerpt, add a note to the item in the 
<a href=""github.com/{{github}}/{{BASE_URL}}"">Zotero library</a></p>
</div>",,,#nosource,,,,,,,,,,,,,,,,,,,,,,,,,,,,,,,,,,,,,,,,,,,,,,,
CUMNPZDL,book,1996,"Marcos Marín, Francisco",El comentario filológico con apoyo informático,,,,,,,1996,2025-06-24 18:36:11,2026-02-17 01:57:04,,,,,,,,,,,,,Síntesis,Madrid,,,,,,,,,<p>00014</p>,,,#nosource,,,,,,,,,,,,,,,,,,,,,,,,,,,,,,,,,,,,,,,,,,,,,,,
43XNWH3L,book,2016,"Pulos, Alexis","Transnational contexts of culture, gender, class, and colonialism in play: video games in East Asia",,978-3-319-43816-0,,,,,2016,2025-06-24 18:36:11,2026-02-17 01:57:04,,,,,,,,"Transnational contexts of culture, gender, class, and colonialism in play",East Asian popular culture,,,,Springer Science+Business Media,"New York, NY",,,,,,,,,<p>00000</p>,,,#nosource,,,,,,,,,,,,,,,,,,,,,,,,,,,,,,,,,,,,,,,,,,,,,,,
YE3TXMGC,book,2014,,Visibilidad y divulgación de la investigación desde las Humanidades Digitales. Experiencias y proyectos,,978-84-8081-412-6,,,http://www.unav.edu/publicacion/biblioteca-aurea-digital/BIADIG-22,"El presente trabajo reúne iniciativas, proyectos y experiencias interesantes en los diferentes planos de este amplio contexto de la visibilidad y la difusión de la investigación en el ámbito de las Humanidades. En él se pone en común distintas experiencias, se comparte conocimientos y se da a conocer otras iniciativas, ya que en este campo de las Humanidades Digitales el valor ejemplarizante de los proyectos es muy importante. Así, el libro se ha organizado en cuatro áreas diferentes con su propia personalidad, pero vinculadas, como no podía ser de otro modo, entre sí: «Blogging académico, visibilidad y difusión de la investigación», «Revistas digitales», «Edición digital» y «Divulgación y Bibliotecas digitales».",2014,2025-06-24 18:36:11,2026-02-17 01:57:04,,,,,,,,,Biblioteca Áurea Digital,22,,,Servicio de Publicaciones de la Universidad de Navarra,,esp,,,,,,,,<p>00000</p>,,,#nosource; humanidades digitales; experiencias; proyectos,,"Baraibar, Alvaro",,,,,,,,,,,,,,,,,,,,,,,,,,,,,,,,,,,,,,,,,,,,,
29PGWSMS,book,2005,"Borràs, Laura; Adell, Joan-Elies; Calefato, Patrizia; Canadell, Roger; Koskimaa, Raine; Izquierdo, Oriol; Clara Moll, Isabel; Terranova, Tiziana; Ollé, Manel; Pajares Tosca, Susana; Pinto, Rafaele; Torras, Meri; Vuillemin, Alain",Textualidades electrónicas: nuevos escenarios para la literatura,,,,,,,2005,2025-06-24 18:36:11,2026-02-17 01:57:04,,,,,,,,,,,,,Editorial UOC,Barcelona,,,,,,,,,<p>ZSCC: 0000043[s0]</p>,,,#nosource; Hipertexto; Teoría,,"Borràs, Laura",,,,,,,,,,,,,,,,,,,,,,,,,,,,,,,,,,,,,,,,,,,,,
K4NN4RFT,book,2014,,Humanidades Digitales: una aproximación transdisciplinar,,,,,http://www.janusdigital.es/fa/4656756780959093003595388/anexo2janus_completo_pub.pdf,,2014,2025-06-24 18:36:11,2026-02-17 01:57:04,,,,,,,,,,,,,SIELAE,A Coruña,,,,,,,,,"The contributions gathered in this volume show how digital technologies can be applied to Medieval Studies (Philology, Art, and History) in order to improve our understanding of medieval societies and cultures.",,,#nosource,,"Baraibar, Álvaro",,,,,,,,,,,,,,,,,,,,,,,,,,,,,,,,,,,,,,,,,,,,,
CN43CE32,book,2009,,Teoría y literatura artística en la sociedad digital: construcción y aplicabilidad de colecciones textuales informatizadas,,978-84-9704-462-2,,,,"Las reflexiones e investigaciones que se han volcado en las páginas de este libro se centran en un ámbito muy concreto del complejo campo de la cultura digital: el de las colecciones de textos digitales. Su objetivo es triple: en primer lugar, aportar nuevas contribuciones a los estudios sobre sociedad digital e historia del arte, especialmente en relación con el desarrollo de plataformas digitales diseñadas como sistemas de información con fines investigadores, esto es, para la producción de conocimiento; en segundo lugar, presentar los primeros resultados del proyecto Atenea-TTC, un proyecto de I+D perteneciente al Plan Nacional de Arte y Humanidades que se lleva ejecutando en distintas universidades españolas y en centros extranjeros desde el año 2006 bajo el título Desarrollo de un tesauro terminológico-conceptual (TTC) de los discursos teórico-artísticos españoles de la Edad Moderna y del corpus textual informatizado (Atenea); en tercer lugar, ofrecer un protocolo de buenas prácticas, útil para todos aquellos grupos de investigación que quieran acometer proyectos de naturaleza similar. La sociedad digital plantea nuevas exigencias que hay que tener en cuenta: estándares y metadatos, normalización terminológica, flujos de navegación, estrategias de preservación digital, visualización a través de una interfaz gráfica, necesidades de interoperabilidad… Todo un conjunto de factores que el especialista debe conocer para desarrollar proyectos artísticos digitales con garantías de éxito y perdurabilidad.",2009,2025-06-24 18:36:11,2026-02-17 01:57:04,,,,,,,,,,,,,Ediciones Trea,Gijón,Spanish,,,,,,,,<p>ZSCC: NoCitationData[s0]</p>,,,#nosource; Arte digital,,"Rodríguez Ortega, Nuria",,,,,,,,,,,,,,,,,,,,,,,,,,,,,,,,,,,,,,,,,,,,,
SJ8I52LS,book,2008,"Scolari, Carlos",Hipermediaciones. Elementos para una Teoría de la Comunicación Digital Interactiva,,,,,,,2008,2025-06-24 18:36:10,2026-02-17 01:57:04,,,,,,,,,,,,,Gedisa,Barcelona,,,,,,,,,<p>00209</p>,,,#nosource,,,,,,,,,,,,,,,,,,,,,,,,,,,,,,,,,,,,,,,,,,,,,,,
LSKFX6IT,book,2004,"Scolari, Carlos",Hacer clic. Hacia una sociosemiótica de las interacciones digitales,,,,,,,2004,2025-06-24 18:36:10,2026-02-17 01:57:04,,,,,,,,,,,,,Gedisa,Barcelona,,,,,,,,,<p>00132</p>,,,#nosource,,,,,,,,,,,,,,,,,,,,,,,,,,,,,,,,,,,,,,,,,,,,,,,
TNINYEGI,book,2013,,Escritorios electrónicos para las literaturas: nuevas herramientas digitales para la anotación colaborativa,,,,,http://eprints.ucm.es/23805/1/LuisPabloNu%C3%B1ez_EscritoriosElectrLiteraturas.pdf,"El volumen recoge un conjunto de estudios relativos a la interacción entre las Humanidades y las nuevas tecnologías. Llevados a cabo por profesores e investigadores de las universidades Complutense, UNED, Universidad Federal de Santa Catarina (Brasil) y Grupo Ciberimaginario-ICONO14, tratan aspectos tales como la creación de repositorios de objetos de aprendizaje, la construcción de museos virtuales, la recuperación de la información mediante agrupación en retículos y la anotación colaborativa sobre documentos digitales, especialmente literarios. Se añade una breve historia de las anotaciones, desde la Edad Media hasta nuestros días (smartphones y tabletas). El libro va dirigido a informáticos interesados en la creación de herramientas para las humanidades digitales y a filólogos que quieran introducir las TICs en la enseñanza de la literatura en el aula. Debido al Programa de Colaboración Interuniversitaria Hispano-Brasileño con cuya ayuda se ha publicado este libro, algunos de los textos que se recogen en esta obra están escritos en español y otros en portugués.",2013,2025-06-24 18:36:10,2026-02-17 01:57:04,,,,,,,,,,,,,Universidad Complutense de Madrid,Madrid,,,,,,,,,<p>00000</p>,,,#nosource,,"Pablo Núñez, Luis",,,,,,,,,,,,,,,,,,,,,,,,,,,,,,,,,,,,,,,,,,,,,
8KDG83MU,book,2013,"Fernández Travieso, Carlota",Estudio de codificación XML/TEI para Relaciones de Sucesos españolas,,978-84-695-9041-6,,,http://www.bidiso.es/sielae/upload/estaticas/file/FTCXMLTEI1.pdf,,2013,2025-06-24 18:36:10,2026-02-17 01:57:04,,,,,,,,,,,,,SIELAE (Seminario Interdisciplinar para el Estudio de la Literatura Áurea Española),A Coruña,Spanish,,,,,,,,"<div class=""comment"">
<p>This book needs an abstract or excerpt, and it doesn't have a Google Books description available to use. For a customized abstract or excerpt, add a note to the item in the 
<a href=""github.com/{{github}}/{{BASE_URL}}"">Zotero library</a></p>
</div>",,,#nosource; TEI; XML; Relaciones de sucesos; Historia del periodismo; SIELAE,,,,,,,,,,,,,,,,,,,,,,,,,,,,,,,,,,,,,,,,,,,,,,,
GZXSPNAV,book,2017,,Sustainable surfing,,978-1-138-93075-9,,,,,2017,2025-06-24 18:36:10,2026-02-17 01:57:04,,,,,,,,,,,,,Routledge,"Abingdon, Oxon ; New York, NY",,,,,,,,,"<p>00000</p>; <p>Sustainability and surfing in a risk society / Gregory Borne – Resource system boundaries, ecosystems, management, stakeholders / Steve Martin and Danny O&apos;Obrien – Technology, industry , and sustainability – The technological epoch of surfing, its implications and impacts and the potential for sustainability to theme the next epoch / Leon Mach – Towards more sustainable business practices in surf industry clusters / Anna Gerke – Surfboard manufacturing technologies / Chris Gibson &amp; Andy Warren – Surfing voices in coastal management : Gold Coast surf management plan / Dan Ware, Neil Lazarow and Rob Hales – International surfing activism / Rob Hales, Neil Lazarow and Dan Ware – Hedonic pricing and strategies for ensuring local value from surf driven coastal exploitation / Jason Scorse – Localism and opportunity or barrier to achieving sustainability / Lindsay Usher – Wilderness surfing experiences, development responses / Mark Orams – Surfing spaces / Jon Anderson – Culture, meaning and sustainability in surfing / Neil Lazarow and Rebecca Olive – Nirvanification in the age of simulated surfing environments / Jess Ponting – Sustainability and surfing : themes and synergies, future directions / Gregory Borne</p>",,,Economic aspects; Environmental aspects; Sustainability; #nosource; Environmental sustainability; Surfing,,"Borne, Gregory; Ponting, Jess",,,,,,,,,,,,,,,,,,,,,,,,,,,,,,,,,,,,,,,,,,,,,
JG7NA76D,book,2015,,"Textos, pixeles y bits. Reflexiones sobre la publicación digital",,,,,http://www.iib.unam.mx/index.php/publicaciones?start=3,"Este libro, publicado en formato digital ―utilizando, precisamente, los nuevos formatos de edición―, es una excelente muestra del análisis sobre los retos actuales que enfrenta la producción editorial en el cada vez más acelerado campo tecnológico. El uso de las redes sociales y la llamada Web 2.0 han permitido la publicación, por los mismos usuarios, de una enorme cantidad de material digital, como novelas electrónicas, fotografías, ilustraciones y blogs, lo cual ha generado otros tipos de difusión de las distintas formas del saber. Atendiendo estas premisas, los estudios que componen la presente obra buscan responder ―de acuerdo con las palabras de Isabel Galina Russell, coordinadora del volumen― a los siguientes puntos: problematización y definición de publicación digital en el contexto del resguardo de patrimonio bibliográfico; uso de la digitalización para apoyar las tareas de preservación y difusión de materiales históricos; desarrollo de nuevos tipos de publicaciones, en particular las aplicaciones literarias para iPad; reflexión acerca de los retos y dificultades para la preservación de documentación personal digital; relación entre oralidad y escritura en el texto digital y el papel del archivo sonoro; derechos de autor y discusión relativa al deliberado balance entre los controles para la protección de la propiedad intelectual y la importancia del conocimiento abierto y el bien común. En definitiva, los textos aquí reunidos, los cuales conforman una visión plural y multidisciplinaria, ponen sobre la mesa una temática tan interesante como necesaria.",2015,2025-06-24 18:36:10,2026-02-17 01:57:04,,,,,,,,,,,,,,,es,,,,,,,,<p>00000</p>,,,#nosource; Publicación digital,,"Galina Russell, Isabel",,,,,,,,,,,,,,,,,,,,,,,,,,,,,,,,,,,,,,,,,,,,,
IG7LT7P5,book,2017,,"Los hijos de los dioses: El ""Grupo Filosófico Hiperión"" y la filosofía de lo mexicano",,,,,https://www.scribd.com/book/336319450/Los-hijos-de-los-dioses-El-Grupo-Filosofico-Hiperion-y-la-filosofia-de-lo-mexicano,"Descubrir qué es lo mexicano, cuáles son los rasgos que mejor describen el ser nacional, las particularidades de su cultura y su devenir histórico, ha sido una vieja obsesión que ha ocupado a numerosos intelectuales, científicos sociales, artistas y hombres de letras de México desde, por lo menos, finales del siglo XIX. Hacia mediados del siglo pasado, un grupo de jóvenes universitarios –filósofos en su mayoría–, se propusieron actualizar las búsquedas sobre la identidad nacional haciendo uso de un inusitado arsenal teórico. El presente libro explora las representaciones identitarias formuladas por estos intelectuales, quienes dieron en llamarse Grupo filosófico Hiperión. Las propuestas y tesis que englobaron bajo el nombre de ""filosofía de lo mexicano"" o ""filosofía de la mexicanidad"" son examinadas aquí bajo la lupa de las distintas tramas que dieron sustento, significado y proyección a sus planteamientos sobre lo mexicano.",2017-11,2025-06-24 18:36:10,2026-02-17 01:57:04,2017-11-23,,,,,,,Los hijos de los dioses,,,,,,,,,,,,,,,<p>00000</p>,,,,,,,,,,,,,,,,,,,,,,,,,,,,,,,,,,,,,,,,,,,,,,,,,,
85DRDN9S,book,2019,"Fry, Hannah",Hola mundo: cómo seguir siendo humanos en la era de los algoritmos,,978-84-17552-41-1,,,,,2019,2025-06-24 18:36:10,2026-02-17 01:57:04,,,,,,,,Hola mundo,,,,,,,Traducció de: Hello world : being human in the age of algorithms,,,,,,,,<p>00000 OCLC: 1139473619</p>,,,#nosource,,,,"Ramos, Francisco",,,,,,,,,,,,,,,,,,,,,,,,,,,,,,,,,,,,,,,,,,,
IEHENKF6,book,2014,"Marqués, María Pérez",Minería de Datos a través de ejemplos,,978-84-941801-4-9,,,,Rare book,2014-03,2025-06-24 18:36:10,2026-02-17 01:57:04,,,,,,,,,,,,,RC Libros,Madrid,Spanish,,,,,,,,<p>00036</p>,,,,,,,,,,,,,,,,,,,,,,,,"1ªed., 1ª imp edition",,,,,,,,,,,,,,,,,,,,,,,,,,
V4FXV8CB,book,1997,"Irizarry, Estelle",Informática y literatura: análisis de textos hispánicos,,978-84-922335-6-4,,,,,1997,2025-06-24 18:36:10,2026-02-17 01:57:04,,,,,,,,Informática y literatura,,,,,Anthropos Editorial,,es,,,,,,,,<p>00006</p>,,,,,,,,,,,,,,,,,,,,,,,,,,,,,,,,,,,,,,,,,,,,,,,,,,
TMFBAYFR,book,2012,"Bunge, Mario",Filosofía para médicos,,978-84-9784-739-1,,,,,2012,2025-06-24 18:36:15,2026-02-17 01:57:04,,,,,,,,,,,,,Gedisa,Barcelona,Español,,,,,,,,"Los médicos filosofan todo el tiempo, casi siempre sin saberlo. Así adoptan: el realismo, cuando dan por descontado que sus pacientes son reales: el materialismo, cuando cortan por medio de la cirugía o recetan píldoras en vez de hacer conjuros o rezar; el sistemismo, cuando conciben y tratan el cuerpo humano como un sistema, no como un agregado de partes desconectadas entre sí. La filosofía en la medicina es un vasto territorio apenas explorado, casi desconocido por muchos médicos. En este libro se analizan ideas médicas clave y, sin embargo, muy discutidas. ¿Cómo puede ayudar o perjudicar la filosofía a la medici-na? ¿Qué es la enfermedad: cosa o proceso, natural o social? ¿Por qué suelen ser inciertos los diagnósticos médicos? ¿Tiene sentido hablar de probabilidad en medicina? ¿A qué se debe el atraso de la psiquiatría? ¿Hay pruebas de eficacia de las medicinas tradicionales, como la china y la ayurvédica? ¿Qué es la medicina: ciencia aplicada, técnica o arte? ¿Qué filosofía moral debe guiar el ejercicio de la me-dicina? A estos interrogantes y a otras cuestiones no menos controvertidas, como el ensayo clínico aleatorio, la prevención en cuanto problema médico-político, las medicinas alternativas y los delitos de la industria farmacéutica, son algunos de los temas tratados con cuidado y profundidad por el conocido físico, filósofo y epistemólogo Mario Bunge. El texto, además, ha sido revisado por investigadores biomédicos y profesionales.",,,,,,,,,,,,,,,,,,,,,,,,,,,,,,,,,,,,,,,,,,,,,,,,,,
YSBE6EQH,book,1938,"Buchanan, Scott",The doctrine of Signatures: a defence of Theory in Medicine,,0-415-22566-3,,,,,1938,2025-06-24 18:36:15,2026-02-17 01:57:04,,,,,,,,,,,,,Routledge,Londres,Inglés,,,,,,,,,,,,,,,,,,,,,,,,,,,,,,,,,,,,,,,,,,,,,,,,,,,,,,,,,,
VSLDKBVZ,book,2006,"Cerezo, José M.",La blogosfera hispana: pioneros de la cultura digital,,,,,http://www.fundacionorange.es/areas/25_publicaciones/la_blogosfera_hispana.pdf,,2006,2025-06-24 18:36:15,2026-02-17 01:57:04,,,,,,,,,,,,,Fundación France Telecom España,,Spanish,,,,,,,,<p>00002</p>,,,#nosource,,,,,,,,,,,,,,,,,,,,,,,,,,,,,,,,,,,,,,,,,,,,,,,
644CUDM4,book,2001,"Millán, José Antonio",Internet y el español,,84-931542-7-X,,,,,2001,2025-06-24 18:36:15,2026-02-17 01:57:04,,,,,,,,,Biblioteca Fundación Retevisión,,,,Fundación Retevisión,Madrid,Spanish,,,,,,,,<p>00056</p>,,,#nosource,,,,,,,,,,,,,,,,,,,,,,,,,,,,,,,,,,,,,,,,,,,,,,,
4UYFGKC8,book,1994,"Marcos Marín, Francisco",Informática y Humanidades,,,,,,,1994,2025-06-24 18:36:15,2026-02-17 01:57:04,,,,,,,,,,,,,Gredos,Madrid,Spanish,,,,,,,,<p>00056</p>,,,#nosource; TEI; SGML; ADMYTE; Libro de Alexandre; PhiloBiblon; TACT; TUSTEP; UNITE,,,,,,,,,,,,,,,,,,,,,,,,,,,,,,,,,,,,,,,,,,,,,,,
87AD7R5B,book,2004,"José Luis, Molinuevo",Humanismo y nuevas tecnologías,,84-206-4596-6,,,,,2004,2025-06-24 18:36:15,2026-02-17 01:57:04,,,,,,,,,,,,,Alianza,Madrid,Español,,,,,,,,<p>00050</p>,,,#nosource,,,,,,,,,,,,,,,,,,,,,,,,,,,,,,,,,,,,,,,,,,,,,,,
IICQ78B3,book,2015,"Moretti, Franco",Lectura distante,,978-987-719-090-8,,,,,2015,2025-06-24 18:36:15,2026-02-17 01:57:04,,,,,,,,,,,,,Fondo de Cultura Económica,Buenos Aires,,,,,,,,,"¿Por qué un historiador de la literatura llega a pensar en mapas literarios, series de novelas, flujos de traducción y diagramas de colecciones bibliográficas? En los diez ensayos reunidos en este volumen Franco Moretti reconstruye el itinerario intelectual que siguió su idea de la ""lectura distante"", desde el estudio de la evolución morfológica al análisis de datos cuantitativos. ¿Cómo funciona la teoría de la evolución para comprender el éxito o el fracaso de determinadas obras? ¿Puede el procesamiento de siete mil títulos decirnos algo sobre la novela como género? ¿Es efectiva una red de nodos para analizar el teatro de Shakespeare? Moretti se aleja de la lectura directa y utiliza mapas, series y árboles para arriesgar hipótesis sobre el sistema literario mundial. En estas páginas, sostiene: ""El término ""literatura mundial"" existe desde hace casi dos siglos, pero aún no hemos elaborado una teoría genuina del objeto al que se refiere, por muy flexible que sea su definición. No hemos reunido un conjunto de conceptos ni hemos concebido una hipótesis para organizar la inmensa cantidad de datos que constituyen la literatura mundial. No sabemos qué es la literatura mundial.",,,#nosource,,,,"Mosconi, Lilia",,,,,,,,,,,,,,,,,,,,,,,,,,,,,,,,,,,,,,,,,,,
CQ9MZLZ9,book,2018,"Vinck, Dominique",Humanidades digitales: la cultura frente a las nuevas tecnologías,,978-84-17341-10-7,,,,,2018,2025-06-24 18:36:15,2026-02-17 01:57:04,,,,,,,,Humanidades digitales,,,,,Gedisa,México,Spanish,,,,,,,,<p>OCLC: 1117760787</p>,,,#nosource,,,,,,,,,,,,,,,,,,,,,,,,,,,,,,,,,,,,,,,,,,,,,,,
XCHBAQL3,book,2018,,Humanidades Digitales Retos Recursos y Nuevas Propuestas,,,,,,,2018,2025-06-24 18:36:14,2026-02-17 01:57:04,,,,,,,,,,,,,Agilice Digital,Valladolid,,,,,,,,,"<div class=""comment"">
<p>This book needs an abstract or excerpt, and it doesn't have a Google Books description available to use. For a customized abstract or excerpt, add a note to the item in the 
<a href=""github.com/{{github}}/{{BASE_URL}}"">Zotero library</a></p>
</div>",,,Humanidades digitales; Volumen editado,,"Álvarez Ramos, Eva; Blasco Pascual, Javier",,,,,,,,,,,,,,,,,,,,,,,,,,,,,,,,,,,,,,,,,,,,,
7WJY77CL,book,2012,"Torrens Álvarez, María Jesús; Pedro, Sánchez-Prieto Borja,",Nuevas perspectivas para la edición y el estudio de documentos hispánicos antiguos,,,,,http://www.peterlang.com/download/toc/65496/toc_431142.pdf,,2012,2025-06-24 18:36:12,2026-02-17 01:57:04,,,,,,,,,,,,,Peter Lang,Bern,,,,,,,,,<p>Pedir por CCBC</p>; <p>Pedir por CCBC</p>; <p>ZSCC: 0000007</p>,,,#nosource; Edición digital,,,,,,,,,,,,,,,,,,,,,,,,,,,,,,,,,,,,,,,,,,,,,,,
SG5B6MYW,book,2018,,"Humanidades digitales: recepción, institucionalización y crítica",,978-607-8560-59-2 978-607-8560-60-8 978-607-8560-58-5,,,,,2018,2025-06-24 18:36:15,2026-02-17 01:57:04,,,,,,,,,,,,,Bonilla Artigas,Ciudad de México,Spanish,,,,,,,,<p>OCLC: 1098731766</p>,,,#nosource,,"Galina Russell, Isabel; Barrón Tovar, José Francisco; Digitales, Encuentro de Humanistas",,,,,,,,,,,,,,,,,,,,,,,,,,,,,,,,,,,,,,,,,,,,,
BJUCKVL4,book,2018,,"Humanidades digitales: recepción, institucionalización y crítica",,978-607-8560-59-2 978-607-8560-60-8 978-607-8560-58-5,,,,,2018,2025-06-24 18:35:59,2026-02-17 01:57:04,,,,,,,,,,,,,Bonilla Artigas,Ciudad de México,Spanish,,,,,,,,<p>OCLC: 1098731766</p>,,,#nosource,,"Galina Russell, Isabel; Barrón Tovar, José Francisco; Digitales, Encuentro de Humanistas",,,,,,,,,,,,,,,,,,,,,,,,,,,,,,,,,,,,,,,,,,,,,
GWDP5QLI,book,2012,"Torrens Álvarez, María Jesús; Pedro, Sánchez-Prieto Borja,",Nuevas perspectivas para la edición y el estudio de documentos hispánicos antiguos,,,,,http://www.peterlang.com/download/toc/65496/toc_431142.pdf,,2012,2025-06-24 18:35:57,2026-02-17 01:57:04,,,,,,,,,,,,,Peter Lang,Bern,,,,,,,,,<p>Pedir por CCBC</p>; <p>Pedir por CCBC</p>; <p>ZSCC: 0000007</p>,,,#nosource; Edición digital,,,,,,,,,,,,,,,,,,,,,,,,,,,,,,,,,,,,,,,,,,,,,,,
UL8LP7I8,book,2018,,"Humanidades digitales: recepción, institucionalización y crítica",,978-607-8560-59-2 978-607-8560-60-8 978-607-8560-58-5,,,,,2018,2025-06-24 17:08:37,2026-02-17 01:57:04,,,,,,,,,,,,,Bonilla Artigas,Ciudad de México,Spanish,,,,,,,,<p>OCLC: 1098731766</p>,,,#nosource,,"Galina Russell, Isabel; Barrón Tovar, José Francisco; Digitales, Encuentro de Humanistas",,,,,,,,,,,,,,,,,,,,,,,,,,,,,,,,,,,,,,,,,,,,,
IWFUB69V,book,2012,"Torrens Álvarez, María Jesús; Pedro, Sánchez-Prieto Borja,",Nuevas perspectivas para la edición y el estudio de documentos hispánicos antiguos,,,,,http://www.peterlang.com/download/toc/65496/toc_431142.pdf,,2012,2025-06-24 17:08:32,2026-02-17 01:57:04,,,,,,,,,,,,,Peter Lang,Bern,,,,,,,,,<p>Pedir por CCBC</p>; <p>Pedir por CCBC</p>; <p>ZSCC: 0000007</p>,,,#nosource; Edición digital,,,,,,,,,,,,,,,,,,,,,,,,,,,,,,,,,,,,,,,,,,,,,,,
W7YX7KVV,book,2020,"Samaniego, Enrique",Historia de la medicina,,978-84-17924-40-9,,,,,2020,2025-06-24 17:08:39,2026-02-17 01:57:04,,,,,,,,,,,,,Club universitario,San Vicente,Español,,,,,,,,"<div class=""comment"">
<p>This book needs an abstract or excerpt, and it doesn't have a Google Books description available to use. For a customized abstract or excerpt, add a note to the item in the 
<a href=""github.com/{{github}}/{{BASE_URL}}"">Zotero library</a></p>
</div>",,,,,,,,,,,,,,,,,,,,,,,,,,,,,,,,,,,,,,,,,,,,,,,,,,
MU2RLZLY,book,2020,"Scarpaci, Pablo (ed)","Punto Alto, poetas rosaleñas",,,,,https://biblioestrada.com.ar/wp-content/uploads/2020/10/PUNTO-ALTO-Poetas-Rosale%C3%B1as.pdf,"Antología de poetas rosaleñas editadas en pandemia y fuente de la declaración del día de la escritora rosaleña, en homenaja a Amalia Muradás de Donato, escritora local. Este es el primer libro electrónico publicado en Punta Alta, y provocó una revolución en el ámbito cultural local que comenzó a mirar a la edición digital como una opción posible para editar literatura.",2020,2025-06-24 17:08:51,2026-02-17 01:57:04,,,,,01,,,,autoras rosaleñas,02,,,Una Pálida Idea,Punta Alta,español,Atribución-NoComercial-SinDerivadas 4.0 Internacional (CC BY-NC-ND 4.0),,,,,,,,,,,,,,,,,,,,,,,,,,,,,,,1ra.,,,,,,,,,,,,,,,,,,,,,,,,,,
GFVLRLTN,book,2021,"Calvo Tello, José",The Novel in the Spanish Silver Age A Digital Analysis of Genre Using Machine Learning,,978-3-8376-5925-2,,,,,2021,2021-10-13 11:58:53,2025-10-30 07:12:57,,,,,,,,,,,,,,,English,,,,,Open WorldCat,,00000  OCLC: 1249009672,<p>00000 OCLC: 1249009672</p>; <p>00000 OCLC: 1249009672</p>; <p>00000 OCLC: 1249009672</p>,,,#nosource,,,,,,,,,,,,,,,,,,,,,,,,,,,,,,,,,,,,,,,,,,,,,,,
4KZDY4GP,book,2021,"Rodríguez Pérez, Martha Eugenia; Echavarría Rodríguez, Ruy",La medicina en la historia,,978-607-8546-38-1,,,,,2021,2025-06-24 17:08:39,2026-02-17 01:57:04,,,,,,,,,,,,,Panamericana,México,Español,,,,,,,,"SECCIÓN 01MEDICINA, HISTORIA Y FILOSOFÍACapítulo 1Historia, cultura y filosofía de la medicinaCapítulo 2Cultura, conocimiento médico y dolorSECCIÓN 02MODELOS MÉDICOS MÁGICOS, EMPÍRICOS Y TEÚRGICOS,Capítulo 3Paleopatología y medicina en la PrehistoriaCapítulo 4Medicina en MesopotamiaCapítulo 5Medicina en Egipto antiguoCapítulo 6La medicina del Indostán en la antigüedadCapítulo 7Medicina chinaCapítulo 8Medicina hebrea prehelenísticaSECCIÓN 03MODELO HUMORALISTA. MEDICINA ANTIGUACapítulo 9Medicina griega hipocrática y de AlejandríaCapítulo 10La medicina romana, Galeno y el galenismoSECCIÓN 04MODELO HUMORALISTA TEÚRGICO. MEDICINA EN EL MUNDO CRISTIANO Y MEDIEVALCapítulo 11Medicina cristianaCapítulo 12Medicina bizantinaCapítulo 13La medicina islámicaCapítulo 14Medicina medieval altaCapítulo 15Medicina medieval bajaSECCIÓN 05MEDICINA Y HUMANISMO EN LOS SIGLOS XV-XVICapítulo 16Revolución científica y medicina. El gran cambio de paradigmaCapítulo 17Medicina náhuatl prehispánicaCapítulo 18Medicina novohispana en el siglo XVI, 187SECCIÓN 06MEDICINA EUROPEA Y AMERICANA EN LOS SIGLOS XVII-XVIIICapítulo 19Sistemas médicos en el siglo XVIICapítulo 20Medicina de la Ilustración. El siglo de la anatomía patológicaCapítulo 21Medicina novohispana en el siglo XVIICapítulo 22Medicina novohispana en el siglo XVIIISECCIÓN 07MODELO MÉDICO CIENTÍFICO EN EL SIGLO XIXCapítulo 23El siglo XIX. La centuria en que la medicina se convirtió en cienciaCapítulo 24La medicina mexicana en el siglo XIX. Los inicios del México independienteCapítulo 25La medicina mexicana en la segunda mitad del siglo XIXSECCIÓN 08MEDICINA CONTEMPORÁNEA EN LOS SIGLOS XX-XXICapítulo 26Medicina universal, siglos XX-XXIApéndiceCapítulo 27La medicina en México, siglos XX-XXICapítulo 28Los médicos del futuro y el futuro de los médicos.",,,,,,,,,,,,,,,,,,,,,,,,,,,,,,,,,,,,,,,,,,,,,,,,,,
2CVFEBNQ,book,2021,"Martínez Hernández, Carlos Alberto",El Estante DIgital,,978-607-39-1113-9,,,https://ri-ng.uaq.mx/xmlui/bitstream/handle/123456789/3646/El%20estante%20digital%20-%20Carlos%20Alberto%20Mart%c3%adnez%20Hern%c3%a1ndez.pdf?sequence=3&isAllowed=y,,2021,2024-11-10 17:12:25,2026-02-17 01:57:04,,,149,,,,,,,,,,Universidad Autónoma de Querétaro,México,,,,,,,,,,,,,,,,,,,,,,,,,,,,,,,,,,,,,,,,,,,,,,,,,,,,,,,,,,,
CSU3S5U3,book,2022,,Global debates in the digital humanities,,978-1-4529-6710-3,,,,"""This collection addresses the lack of perspectives beyond Westernized and Anglophone contexts in the digital humanities. Focused on work that has been underappreciated for linguistic, cultural, or geopolitical reasons, contributors showcase alternative histories that detail the rise of the digital humanities in the Global South and other ""invisible"" contexts and explore the implications of a truly global digital humanities""--",2022,2022-08-12 16:34:14,2025-10-30 07:12:49,,,1,,,,,,Debates in the digital humanities,,,,University of Minnesota Press,Minneapolis,,,,,,Library of Congress ISBN,AZ105,,"A necessary volume of essays working to decolonize the digital humanities Often conceived of as an all-inclusive “big tent,” digital humanities has in fact been troubled by a lack of perspectives beyond Westernized and Anglophone contexts and assumptions. This latest collection in the Debates in the Digital Humanities series seeks to address this deficit in the field. Focused on thought and work that has been underappreciated for linguistic, cultural, or geopolitical reasons, contributors showcase alternative histories and perspectives that detail the rise of the digital humanities in the Global South and other “invisible” contexts and explore the implications of a globally diverse digital humanities. Advancing a vision of the digital humanities as a space where we can reimagine basic questions about our cultural and historical development, this volume challenges the field to undertake innovation and reform. Contributors: Maria José Afanador-Llach, U de los Andes, Bogotá; Maira E. Álvarez, U of Houston; Purbasha Auddy, Jadavpur U; Diana Barreto Ávila, U of British Columbia; Deepti Bharthur, IT for Change; Sayan Bhattacharyya, Singapore U of Technology and Design; Anastasia Bonch-Osmolovskaya, National Research U Higher School of Economics; Jing Chen, Nanjing U; Carlton Clark, Kazimieras Simonavičius U, Vilnius; Carolina Dalla Chiesa, Erasmus U, Rotterdam; Gimena del Rio Riande, Institute of Bibliographic Research and Textual Criticism; Leonardo Foletto, U of São Paulo; Rahul K. Gairola, Murdoch U; Sofia Gavrilova, Leibniz Institute for Regional Geography; Andre Goodrich, North-West U; Anita Gurumurthy, IT for Change; Aliz Horvath, Eötvös Loránd U; Igor Kim, Russian Academy of Sciences; Inna Kizhner, Siberian Federal U; Cédric Leterme, Tricontinental Center; Andres Lombana-Bermudez, Pontificia, U Javeriana, Bogotá; Lev Manovich, City U of New York; Itay Marienberg-Milikowsky, Ben-Gurion U of the Negev; Maciej Maryl, Polish Academy of Sciences; Nirmala Menon, Indian Institute of Technology, Indore; Boris Orekhov, National Research U Higher School of Economics; Ernesto Priego, U of London; Sylvia Fernández Quintanilla, U of Kansas; Nuria Rodríguez-Ortega, U of Málaga; Steffen Roth, U of Turku; Dibyadyuti Roy, Indian Institute of Technology, Jodhpur; Maxim Rumyantsev, Siberian Federal U; Puthiya Purayil Sneha, Centre for Internet and Society, Bengaluru; Juan Steyn, South African Centre for Digital Language Resources; Melissa Terras, U of Edinburgh; Ernesto Miranda Trigueros, U of the Cloister of Sor Juana; Lik Hang Tsui, City U of Hong Kong; Tim Unwin, U of London; Lei Zhang, U of Wisconsin–La Crosse.",,,Social aspects; Learning and scholarship; Research; Developing countries; Digital humanities; Humanities; #nosource,,"Fiormonte, Domenico; Chaudhuri, Sukanta; Ricaurte, Paola",,,,,,,,,,,,,,,,,,,,,,,,,,,,,,,,,,,,,,,,,,,,,
